Dataset_Source,Paper_ID,DOI_or_Patent,Experiment_ID,Table_ID,Pulp_Type,Wood_Type,Pulp_Consistency_percent,Initial_Kappa,Initial_Brightness,Initial_Viscosity,Temperature_C,pH,Ozone_Dose,Ozone_Dose_Unit,Ozone_Concentration,Ozone_Concentration_Unit,Ozone_Consumed,Ozone_Consumed_Unit,Reaction_Time,Reaction_Time_Unit,Gas_Flow,Gas_Flow_Unit,Pressure,Pressure_Unit,Pretreatment,Additive,Additive_Concentration,Medium,Final_Kappa,Final_Brightness,Brightness_Scale,Final_Viscosity,Final_Viscosity_Unit,Selectivity,Delignification,DP,L_star,a_star,b_star,Other_Measured_Output,Original_Unit,Value_Type,Is_Baseline,Notes
"Literature (external, real, screenshot-transcribed)",P1_OPTICAL,see URL: https://www.researchgate.net/publication/235227836_Effect_of_pH_and_temperature_on_the_optical_properties_in_ozonization_oxygen_delignified_hardwood_kraft_pulp,P1_Exp0,Tab.1/Tab.2 (Exp 0 baseline),Oxygen-delignified hardwood kraft pulp,hardwood,,,,,,,,,,,0.0,% O3 on o.d. pulp,0.0,s,,,,,,,,,,,,,,,,,83.04,2.67,15.13,,"L*,a*,b* CIELAB",measured (as reported),True,"Untreated reference; printed once per pH block in the source, stored once here (genuine duplicate removed). Temperature/pH not applicable."
"Literature (external, real, screenshot-transcribed)",P2_DP,see URL: https://www.researchgate.net/publication/227335376_Effect_of_PH_and_temperature_on_cellulose_chain_scission_number_in_ozonization_of_oxygen_delignified_hardwood_kraft_pulp,P2_Exp0,Tab.1/Tab.2 (Exp 0 baseline),Oxygen-delignified hardwood kraft pulp,hardwood,,,,,,,,,,,0.0,% O3 on o.d. pulp,0.0,s,,,,,,,,,,,,817.0,ml/g (intrinsic viscosity),,,1201.0,,,,,[eta] ml/g; DP dimensionless,measured (as reported),True,Untreated reference (stored once).
"Literature (external, real, screenshot-transcribed)",P1_OPTICAL,see URL: https://www.researchgate.net/publication/235227836_Effect_of_pH_and_temperature_on_the_optical_properties_in_ozonization_oxygen_delignified_hardwood_kraft_pulp,P1_Exp1,Tab.1,Oxygen-delignified hardwood kraft pulp,hardwood,,,,,40.0,0.26,,,,,0.1,% O3 on o.d. pulp,72.0,s,,,,,,,,,,,,,,,,,86.02,2.7,14.5,,O3 % o.d. pulp; t s; CIELAB,measured (as reported),False,Brightness NOT reported per experiment - only CIELAB L*a*b*.
"Literature (external, real, screenshot-transcribed)",P1_OPTICAL,see URL: https://www.researchgate.net/publication/235227836_Effect_of_pH_and_temperature_on_the_optical_properties_in_ozonization_oxygen_delignified_hardwood_kraft_pulp,P1_Exp2,Tab.1,Oxygen-delignified hardwood kraft pulp,hardwood,,,,,40.0,0.26,,,,,0.2,% O3 on o.d. pulp,216.0,s,,,,,,,,,,,,,,,,,86.61,2.47,13.67,,O3 % o.d. pulp; t s; CIELAB,measured (as reported),False,Brightness NOT reported per experiment - only CIELAB L*a*b*.
"Literature (external, real, screenshot-transcribed)",P1_OPTICAL,see URL: https://www.researchgate.net/publication/235227836_Effect_of_pH_and_temperature_on_the_optical_properties_in_ozonization_oxygen_delignified_hardwood_kraft_pulp,P1_Exp3,Tab.1,Oxygen-delignified hardwood kraft pulp,hardwood,,,,,40.0,0.26,,,,,0.31,% O3 on o.d. pulp,288.0,s,,,,,,,,,,,,,,,,,87.36,2.4,13.5,,O3 % o.d. pulp; t s; CIELAB,measured (as reported),False,Brightness NOT reported per experiment - only CIELAB L*a*b*.
"Literature (external, real, screenshot-transcribed)",P1_OPTICAL,see URL: https://www.researchgate.net/publication/235227836_Effect_of_pH_and_temperature_on_the_optical_properties_in_ozonization_oxygen_delignified_hardwood_kraft_pulp,P1_Exp4,Tab.1,Oxygen-delignified hardwood kraft pulp,hardwood,,,,,40.0,0.26,,,,,0.41,% O3 on o.d. pulp,432.0,s,,,,,,,,,,,,,,,,,87.32,2.47,13.33,,O3 % o.d. pulp; t s; CIELAB,measured (as reported),False,Brightness NOT reported per experiment - only CIELAB L*a*b*.
"Literature (external, real, screenshot-transcribed)",P1_OPTICAL,see URL: https://www.researchgate.net/publication/235227836_Effect_of_pH_and_temperature_on_the_optical_properties_in_ozonization_oxygen_delignified_hardwood_kraft_pulp,P1_Exp5,Tab.1,Oxygen-delignified hardwood kraft pulp,hardwood,,,,,40.0,0.26,,,,,0.51,% O3 on o.d. pulp,576.0,s,,,,,,,,,,,,,,,,,88.15,2.2,12.73,,O3 % o.d. pulp; t s; CIELAB,measured (as reported),False,Brightness NOT reported per experiment - only CIELAB L*a*b*.
"Literature (external, real, screenshot-transcribed)",P1_OPTICAL,see URL: https://www.researchgate.net/publication/235227836_Effect_of_pH_and_temperature_on_the_optical_properties_in_ozonization_oxygen_delignified_hardwood_kraft_pulp,P1_Exp6,Tab.1,Oxygen-delignified hardwood kraft pulp,hardwood,,,,,40.0,0.26,,,,,0.62,% O3 on o.d. pulp,720.0,s,,,,,,,,,,,,,,,,,88.19,2.23,12.73,,O3 % o.d. pulp; t s; CIELAB,measured (as reported),False,Brightness NOT reported per experiment - only CIELAB L*a*b*.
"Literature (external, real, screenshot-transcribed)",P1_OPTICAL,see URL: https://www.researchgate.net/publication/235227836_Effect_of_pH_and_temperature_on_the_optical_properties_in_ozonization_oxygen_delignified_hardwood_kraft_pulp,P1_Exp7,Tab.1,Oxygen-delignified hardwood kraft pulp,hardwood,,,,,40.0,2.61,,,,,0.05,% O3 on o.d. pulp,72.0,s,,,,,,,,,,,,,,,,,86.06,2.57,13.87,,O3 % o.d. pulp; t s; CIELAB,measured (as reported),False,Brightness NOT reported per experiment - only CIELAB L*a*b*.
"Literature (external, real, screenshot-transcribed)",P1_OPTICAL,see URL: https://www.researchgate.net/publication/235227836_Effect_of_pH_and_temperature_on_the_optical_properties_in_ozonization_oxygen_delignified_hardwood_kraft_pulp,P1_Exp8,Tab.1,Oxygen-delignified hardwood kraft pulp,hardwood,,,,,40.0,2.61,,,,,0.28,% O3 on o.d. pulp,144.0,s,,,,,,,,,,,,,,,,,86.39,2.37,13.13,,O3 % o.d. pulp; t s; CIELAB,measured (as reported),False,Brightness NOT reported per experiment - only CIELAB L*a*b*.
"Literature (external, real, screenshot-transcribed)",P1_OPTICAL,see URL: https://www.researchgate.net/publication/235227836_Effect_of_pH_and_temperature_on_the_optical_properties_in_ozonization_oxygen_delignified_hardwood_kraft_pulp,P1_Exp9,Tab.1,Oxygen-delignified hardwood kraft pulp,hardwood,,,,,40.0,2.61,,,,,0.37,% O3 on o.d. pulp,216.0,s,,,,,,,,,,,,,,,,,86.7,2.5,13.63,,O3 % o.d. pulp; t s; CIELAB,measured (as reported),False,Brightness NOT reported per experiment - only CIELAB L*a*b*.
"Literature (external, real, screenshot-transcribed)",P1_OPTICAL,see URL: https://www.researchgate.net/publication/235227836_Effect_of_pH_and_temperature_on_the_optical_properties_in_ozonization_oxygen_delignified_hardwood_kraft_pulp,P1_Exp10,Tab.1,Oxygen-delignified hardwood kraft pulp,hardwood,,,,,40.0,2.61,,,,,0.44,% O3 on o.d. pulp,287.0,s,,,,,,,,,,,,,,,,,87.06,2.4,13.47,,O3 % o.d. pulp; t s; CIELAB,measured (as reported),False,Brightness NOT reported per experiment - only CIELAB L*a*b*.
"Literature (external, real, screenshot-transcribed)",P1_OPTICAL,see URL: https://www.researchgate.net/publication/235227836_Effect_of_pH_and_temperature_on_the_optical_properties_in_ozonization_oxygen_delignified_hardwood_kraft_pulp,P1_Exp11,Tab.1,Oxygen-delignified hardwood kraft pulp,hardwood,,,,,40.0,2.61,,,,,0.76,% O3 on o.d. pulp,431.0,s,,,,,,,,,,,,,,,,,87.79,2.27,12.83,,O3 % o.d. pulp; t s; CIELAB,measured (as reported),False,Brightness NOT reported per experiment - only CIELAB L*a*b*.
"Literature (external, real, screenshot-transcribed)",P1_OPTICAL,see URL: https://www.researchgate.net/publication/235227836_Effect_of_pH_and_temperature_on_the_optical_properties_in_ozonization_oxygen_delignified_hardwood_kraft_pulp,P1_Exp12,Tab.1,Oxygen-delignified hardwood kraft pulp,hardwood,,,,,40.0,2.61,,,,,0.95,% O3 on o.d. pulp,575.0,s,,,,,,,,,,,,,,,,,87.85,2.27,12.63,,O3 % o.d. pulp; t s; CIELAB,measured (as reported),False,Brightness NOT reported per experiment - only CIELAB L*a*b*.
"Literature (external, real, screenshot-transcribed)",P1_OPTICAL,see URL: https://www.researchgate.net/publication/235227836_Effect_of_pH_and_temperature_on_the_optical_properties_in_ozonization_oxygen_delignified_hardwood_kraft_pulp,P1_Exp13,Tab.1,Oxygen-delignified hardwood kraft pulp,hardwood,,,,,40.0,2.61,,,,,0.9,% O3 on o.d. pulp,719.0,s,,,,,,,,,,,,,,,,,88.65,2.1,12.43,,O3 % o.d. pulp; t s; CIELAB,measured (as reported),False,Brightness NOT reported per experiment - only CIELAB L*a*b*.
"Literature (external, real, screenshot-transcribed)",P1_OPTICAL,see URL: https://www.researchgate.net/publication/235227836_Effect_of_pH_and_temperature_on_the_optical_properties_in_ozonization_oxygen_delignified_hardwood_kraft_pulp,P1_Exp14,Tab.1,Oxygen-delignified hardwood kraft pulp,hardwood,,,,,40.0,3.86,,,,,0.14,% O3 on o.d. pulp,76.0,s,,,,,,,,,,,,,,,,,84.32,2.63,14.1,,O3 % o.d. pulp; t s; CIELAB,measured (as reported),False,Brightness NOT reported per experiment - only CIELAB L*a*b*.
"Literature (external, real, screenshot-transcribed)",P1_OPTICAL,see URL: https://www.researchgate.net/publication/235227836_Effect_of_pH_and_temperature_on_the_optical_properties_in_ozonization_oxygen_delignified_hardwood_kraft_pulp,P1_Exp15,Tab.1,Oxygen-delignified hardwood kraft pulp,hardwood,,,,,40.0,3.86,,,,,0.26,% O3 on o.d. pulp,152.0,s,,,,,,,,,,,,,,,,,85.32,2.57,13.77,,O3 % o.d. pulp; t s; CIELAB,measured (as reported),False,Brightness NOT reported per experiment - only CIELAB L*a*b*.
"Literature (external, real, screenshot-transcribed)",P1_OPTICAL,see URL: https://www.researchgate.net/publication/235227836_Effect_of_pH_and_temperature_on_the_optical_properties_in_ozonization_oxygen_delignified_hardwood_kraft_pulp,P1_Exp16,Tab.1,Oxygen-delignified hardwood kraft pulp,hardwood,,,,,40.0,3.86,,,,,0.41,% O3 on o.d. pulp,228.0,s,,,,,,,,,,,,,,,,,85.56,2.53,13.7,,O3 % o.d. pulp; t s; CIELAB,measured (as reported),False,Brightness NOT reported per experiment - only CIELAB L*a*b*.
"Literature (external, real, screenshot-transcribed)",P1_OPTICAL,see URL: https://www.researchgate.net/publication/235227836_Effect_of_pH_and_temperature_on_the_optical_properties_in_ozonization_oxygen_delignified_hardwood_kraft_pulp,P1_Exp17,Tab.1,Oxygen-delignified hardwood kraft pulp,hardwood,,,,,40.0,3.86,,,,,0.51,% O3 on o.d. pulp,304.0,s,,,,,,,,,,,,,,,,,86.51,2.43,13.33,,O3 % o.d. pulp; t s; CIELAB,measured (as reported),False,Brightness NOT reported per experiment - only CIELAB L*a*b*.
"Literature (external, real, screenshot-transcribed)",P1_OPTICAL,see URL: https://www.researchgate.net/publication/235227836_Effect_of_pH_and_temperature_on_the_optical_properties_in_ozonization_oxygen_delignified_hardwood_kraft_pulp,P1_Exp18,Tab.1,Oxygen-delignified hardwood kraft pulp,hardwood,,,,,40.0,3.86,,,,,0.68,% O3 on o.d. pulp,456.0,s,,,,,,,,,,,,,,,,,86.59,2.4,13.33,,O3 % o.d. pulp; t s; CIELAB,measured (as reported),False,Brightness NOT reported per experiment - only CIELAB L*a*b*.
"Literature (external, real, screenshot-transcribed)",P1_OPTICAL,see URL: https://www.researchgate.net/publication/235227836_Effect_of_pH_and_temperature_on_the_optical_properties_in_ozonization_oxygen_delignified_hardwood_kraft_pulp,P1_Exp19,Tab.1,Oxygen-delignified hardwood kraft pulp,hardwood,,,,,40.0,3.86,,,,,0.8,% O3 on o.d. pulp,607.0,s,,,,,,,,,,,,,,,,,86.8,2.3,13.03,,O3 % o.d. pulp; t s; CIELAB,measured (as reported),False,Brightness NOT reported per experiment - only CIELAB L*a*b*.
"Literature (external, real, screenshot-transcribed)",P1_OPTICAL,see URL: https://www.researchgate.net/publication/235227836_Effect_of_pH_and_temperature_on_the_optical_properties_in_ozonization_oxygen_delignified_hardwood_kraft_pulp,P1_Exp20,Tab.1,Oxygen-delignified hardwood kraft pulp,hardwood,,,,,40.0,3.86,,,,,0.85,% O3 on o.d. pulp,759.0,s,,,,,,,,,,,,,,,,,87.12,2.3,12.93,,O3 % o.d. pulp; t s; CIELAB,measured (as reported),False,Brightness NOT reported per experiment - only CIELAB L*a*b*.
"Literature (external, real, screenshot-transcribed)",P1_OPTICAL,see URL: https://www.researchgate.net/publication/235227836_Effect_of_pH_and_temperature_on_the_optical_properties_in_ozonization_oxygen_delignified_hardwood_kraft_pulp,P1_Exp21,Tab.1,Oxygen-delignified hardwood kraft pulp,hardwood,,,,,40.0,8.83,,,,,0.15,% O3 on o.d. pulp,74.0,s,,,,,,,,,,,,,,,,,84.23,2.4,14.53,,O3 % o.d. pulp; t s; CIELAB,measured (as reported),False,Brightness NOT reported per experiment - only CIELAB L*a*b*.
"Literature (external, real, screenshot-transcribed)",P1_OPTICAL,see URL: https://www.researchgate.net/publication/235227836_Effect_of_pH_and_temperature_on_the_optical_properties_in_ozonization_oxygen_delignified_hardwood_kraft_pulp,P1_Exp22,Tab.1,Oxygen-delignified hardwood kraft pulp,hardwood,,,,,40.0,8.83,,,,,0.35,% O3 on o.d. pulp,148.0,s,,,,,,,,,,,,,,,,,84.95,2.4,13.83,,O3 % o.d. pulp; t s; CIELAB,measured (as reported),False,Brightness NOT reported per experiment - only CIELAB L*a*b*.
"Literature (external, real, screenshot-transcribed)",P1_OPTICAL,see URL: https://www.researchgate.net/publication/235227836_Effect_of_pH_and_temperature_on_the_optical_properties_in_ozonization_oxygen_delignified_hardwood_kraft_pulp,P1_Exp23,Tab.1,Oxygen-delignified hardwood kraft pulp,hardwood,,,,,40.0,8.83,,,,,0.36,% O3 on o.d. pulp,222.0,s,,,,,,,,,,,,,,,,,84.69,2.43,13.97,,O3 % o.d. pulp; t s; CIELAB,measured (as reported),False,Brightness NOT reported per experiment - only CIELAB L*a*b*.
"Literature (external, real, screenshot-transcribed)",P1_OPTICAL,see URL: https://www.researchgate.net/publication/235227836_Effect_of_pH_and_temperature_on_the_optical_properties_in_ozonization_oxygen_delignified_hardwood_kraft_pulp,P1_Exp24,Tab.1,Oxygen-delignified hardwood kraft pulp,hardwood,,,,,40.0,8.83,,,,,0.6,% O3 on o.d. pulp,247.0,s,,,,,,,,,,,,,,,,,85.13,2.27,13.57,,O3 % o.d. pulp; t s; CIELAB,measured (as reported),False,Brightness NOT reported per experiment - only CIELAB L*a*b*.
"Literature (external, real, screenshot-transcribed)",P1_OPTICAL,see URL: https://www.researchgate.net/publication/235227836_Effect_of_pH_and_temperature_on_the_optical_properties_in_ozonization_oxygen_delignified_hardwood_kraft_pulp,P1_Exp25,Tab.1,Oxygen-delignified hardwood kraft pulp,hardwood,,,,,40.0,8.83,,,,,0.88,% O3 on o.d. pulp,445.0,s,,,,,,,,,,,,,,,,,85.57,2.2,13.3,,O3 % o.d. pulp; t s; CIELAB,measured (as reported),False,Brightness NOT reported per experiment - only CIELAB L*a*b*.
"Literature (external, real, screenshot-transcribed)",P1_OPTICAL,see URL: https://www.researchgate.net/publication/235227836_Effect_of_pH_and_temperature_on_the_optical_properties_in_ozonization_oxygen_delignified_hardwood_kraft_pulp,P1_Exp26,Tab.1,Oxygen-delignified hardwood kraft pulp,hardwood,,,,,40.0,8.83,,,,,1.14,% O3 on o.d. pulp,593.0,s,,,,,,,,,,,,,,,,,86.45,2.17,13.1,,O3 % o.d. pulp; t s; CIELAB,measured (as reported),False,Brightness NOT reported per experiment - only CIELAB L*a*b*.
"Literature (external, real, screenshot-transcribed)",P1_OPTICAL,see URL: https://www.researchgate.net/publication/235227836_Effect_of_pH_and_temperature_on_the_optical_properties_in_ozonization_oxygen_delignified_hardwood_kraft_pulp,P1_Exp27,Tab.1,Oxygen-delignified hardwood kraft pulp,hardwood,,,,,40.0,8.83,,,,,1.45,% O3 on o.d. pulp,742.0,s,,,,,,,,,,,,,,,,,85.6,2.3,13.33,,O3 % o.d. pulp; t s; CIELAB,measured (as reported),False,Brightness NOT reported per experiment - only CIELAB L*a*b*.
"Literature (external, real, screenshot-transcribed)",P1_OPTICAL,see URL: https://www.researchgate.net/publication/235227836_Effect_of_pH_and_temperature_on_the_optical_properties_in_ozonization_oxygen_delignified_hardwood_kraft_pulp,P1_Exp28,Tab.1,Oxygen-delignified hardwood kraft pulp,hardwood,,,,,40.0,9.6,,,,,0.07,% O3 on o.d. pulp,60.0,s,,,,,,,,,,,,,,,,,84.33,2.6,14.33,,O3 % o.d. pulp; t s; CIELAB,measured (as reported),False,Brightness NOT reported per experiment - only CIELAB L*a*b*.
"Literature (external, real, screenshot-transcribed)",P1_OPTICAL,see URL: https://www.researchgate.net/publication/235227836_Effect_of_pH_and_temperature_on_the_optical_properties_in_ozonization_oxygen_delignified_hardwood_kraft_pulp,P1_Exp29,Tab.1,Oxygen-delignified hardwood kraft pulp,hardwood,,,,,40.0,9.6,,,,,0.11,% O3 on o.d. pulp,30.0,s,,,,,,,,,,,,,,,,,84.52,2.47,14.17,,O3 % o.d. pulp; t s; CIELAB,measured (as reported),False,Brightness NOT reported per experiment - only CIELAB L*a*b*.
"Literature (external, real, screenshot-transcribed)",P1_OPTICAL,see URL: https://www.researchgate.net/publication/235227836_Effect_of_pH_and_temperature_on_the_optical_properties_in_ozonization_oxygen_delignified_hardwood_kraft_pulp,P1_Exp30,Tab.1,Oxygen-delignified hardwood kraft pulp,hardwood,,,,,40.0,9.6,,,,,0.2,% O3 on o.d. pulp,90.0,s,,,,,,,,,,,,,,,,,85.03,2.4,13.97,,O3 % o.d. pulp; t s; CIELAB,measured (as reported),False,Brightness NOT reported per experiment - only CIELAB L*a*b*.
"Literature (external, real, screenshot-transcribed)",P1_OPTICAL,see URL: https://www.researchgate.net/publication/235227836_Effect_of_pH_and_temperature_on_the_optical_properties_in_ozonization_oxygen_delignified_hardwood_kraft_pulp,P1_Exp31,Tab.1,Oxygen-delignified hardwood kraft pulp,hardwood,,,,,40.0,9.6,,,,,0.21,% O3 on o.d. pulp,120.0,s,,,,,,,,,,,,,,,,,84.94,2.43,13.77,,O3 % o.d. pulp; t s; CIELAB,measured (as reported),False,Brightness NOT reported per experiment - only CIELAB L*a*b*.
"Literature (external, real, screenshot-transcribed)",P1_OPTICAL,see URL: https://www.researchgate.net/publication/235227836_Effect_of_pH_and_temperature_on_the_optical_properties_in_ozonization_oxygen_delignified_hardwood_kraft_pulp,P1_Exp32,Tab.1,Oxygen-delignified hardwood kraft pulp,hardwood,,,,,40.0,9.6,,,,,0.29,% O3 on o.d. pulp,150.0,s,,,,,,,,,,,,,,,,,85.29,2.37,13.5,,O3 % o.d. pulp; t s; CIELAB,measured (as reported),False,Brightness NOT reported per experiment - only CIELAB L*a*b*.
"Literature (external, real, screenshot-transcribed)",P1_OPTICAL,see URL: https://www.researchgate.net/publication/235227836_Effect_of_pH_and_temperature_on_the_optical_properties_in_ozonization_oxygen_delignified_hardwood_kraft_pulp,P1_Exp33,Tab.1,Oxygen-delignified hardwood kraft pulp,hardwood,,,,,40.0,9.6,,,,,0.32,% O3 on o.d. pulp,180.0,s,,,,,,,,,,,,,,,,,85.7,2.23,13.27,,O3 % o.d. pulp; t s; CIELAB,measured (as reported),False,Brightness NOT reported per experiment - only CIELAB L*a*b*.
"Literature (external, real, screenshot-transcribed)",P2_DP,see URL: https://www.researchgate.net/publication/227335376_Effect_of_PH_and_temperature_on_cellulose_chain_scission_number_in_ozonization_of_oxygen_delignified_hardwood_kraft_pulp,P2_Exp1,Tab.1,Oxygen-delignified hardwood kraft pulp,hardwood,,,,,40.0,0.26,,,,,0.1,% O3 on o.d. pulp,72.0,s,,,,,,,,,,,,720.0,ml/g (intrinsic viscosity),,,1046.0,,,,,[eta] ml/g,measured (as reported),False,pH not repeated in this table's rows in our transcription; pH taken from companion P1 row with the same Exp number (verified same O3 and t). Source prints pH as 0.3/2.6/3.9/8.8/9.6.
"Literature (external, real, screenshot-transcribed)",P2_DP,see URL: https://www.researchgate.net/publication/227335376_Effect_of_PH_and_temperature_on_cellulose_chain_scission_number_in_ozonization_of_oxygen_delignified_hardwood_kraft_pulp,P2_Exp2,Tab.1,Oxygen-delignified hardwood kraft pulp,hardwood,,,,,40.0,0.26,,,,,0.2,% O3 on o.d. pulp,216.0,s,,,,,,,,,,,,702.0,ml/g (intrinsic viscosity),,,1017.0,,,,,[eta] ml/g,measured (as reported),False,pH not repeated in this table's rows in our transcription; pH taken from companion P1 row with the same Exp number (verified same O3 and t). Source prints pH as 0.3/2.6/3.9/8.8/9.6.
"Literature (external, real, screenshot-transcribed)",P2_DP,see URL: https://www.researchgate.net/publication/227335376_Effect_of_PH_and_temperature_on_cellulose_chain_scission_number_in_ozonization_of_oxygen_delignified_hardwood_kraft_pulp,P2_Exp3,Tab.1,Oxygen-delignified hardwood kraft pulp,hardwood,,,,,40.0,0.26,,,,,0.31,% O3 on o.d. pulp,288.0,s,,,,,,,,,,,,679.0,ml/g (intrinsic viscosity),,,980.0,,,,,[eta] ml/g,measured (as reported),False,pH not repeated in this table's rows in our transcription; pH taken from companion P1 row with the same Exp number (verified same O3 and t). Source prints pH as 0.3/2.6/3.9/8.8/9.6.
"Literature (external, real, screenshot-transcribed)",P2_DP,see URL: https://www.researchgate.net/publication/227335376_Effect_of_PH_and_temperature_on_cellulose_chain_scission_number_in_ozonization_of_oxygen_delignified_hardwood_kraft_pulp,P2_Exp4,Tab.1,Oxygen-delignified hardwood kraft pulp,hardwood,,,,,40.0,0.26,,,,,0.41,% O3 on o.d. pulp,432.0,s,,,,,,,,,,,,677.0,ml/g (intrinsic viscosity),,,977.0,,,,,[eta] ml/g,measured (as reported),False,pH not repeated in this table's rows in our transcription; pH taken from companion P1 row with the same Exp number (verified same O3 and t). Source prints pH as 0.3/2.6/3.9/8.8/9.6.
"Literature (external, real, screenshot-transcribed)",P2_DP,see URL: https://www.researchgate.net/publication/227335376_Effect_of_PH_and_temperature_on_cellulose_chain_scission_number_in_ozonization_of_oxygen_delignified_hardwood_kraft_pulp,P2_Exp5,Tab.1,Oxygen-delignified hardwood kraft pulp,hardwood,,,,,40.0,0.26,,,,,0.51,% O3 on o.d. pulp,576.0,s,,,,,,,,,,,,672.0,ml/g (intrinsic viscosity),,,968.0,,,,,[eta] ml/g,measured (as reported),False,pH not repeated in this table's rows in our transcription; pH taken from companion P1 row with the same Exp number (verified same O3 and t). Source prints pH as 0.3/2.6/3.9/8.8/9.6.
"Literature (external, real, screenshot-transcribed)",P2_DP,see URL: https://www.researchgate.net/publication/227335376_Effect_of_PH_and_temperature_on_cellulose_chain_scission_number_in_ozonization_of_oxygen_delignified_hardwood_kraft_pulp,P2_Exp6,Tab.1,Oxygen-delignified hardwood kraft pulp,hardwood,,,,,40.0,0.26,,,,,0.62,% O3 on o.d. pulp,720.0,s,,,,,,,,,,,,667.0,ml/g (intrinsic viscosity),,,961.0,,,,,[eta] ml/g,measured (as reported),False,pH not repeated in this table's rows in our transcription; pH taken from companion P1 row with the same Exp number (verified same O3 and t). Source prints pH as 0.3/2.6/3.9/8.8/9.6.
"Literature (external, real, screenshot-transcribed)",P2_DP,see URL: https://www.researchgate.net/publication/227335376_Effect_of_PH_and_temperature_on_cellulose_chain_scission_number_in_ozonization_of_oxygen_delignified_hardwood_kraft_pulp,P2_Exp7,Tab.1,Oxygen-delignified hardwood kraft pulp,hardwood,,,,,40.0,2.61,,,,,0.05,% O3 on o.d. pulp,72.0,s,,,,,,,,,,,,763.0,ml/g (intrinsic viscosity),,,1115.0,,,,,[eta] ml/g,measured (as reported),False,pH not repeated in this table's rows in our transcription; pH taken from companion P1 row with the same Exp number (verified same O3 and t). Source prints pH as 0.3/2.6/3.9/8.8/9.6.
"Literature (external, real, screenshot-transcribed)",P2_DP,see URL: https://www.researchgate.net/publication/227335376_Effect_of_PH_and_temperature_on_cellulose_chain_scission_number_in_ozonization_of_oxygen_delignified_hardwood_kraft_pulp,P2_Exp8,Tab.1,Oxygen-delignified hardwood kraft pulp,hardwood,,,,,40.0,2.61,,,,,0.28,% O3 on o.d. pulp,144.0,s,,,,,,,,,,,,723.0,ml/g (intrinsic viscosity),,,1050.0,,,,,[eta] ml/g,measured (as reported),False,pH not repeated in this table's rows in our transcription; pH taken from companion P1 row with the same Exp number (verified same O3 and t). Source prints pH as 0.3/2.6/3.9/8.8/9.6.
"Literature (external, real, screenshot-transcribed)",P2_DP,see URL: https://www.researchgate.net/publication/227335376_Effect_of_PH_and_temperature_on_cellulose_chain_scission_number_in_ozonization_of_oxygen_delignified_hardwood_kraft_pulp,P2_Exp9,Tab.1,Oxygen-delignified hardwood kraft pulp,hardwood,,,,,40.0,2.61,,,,,0.37,% O3 on o.d. pulp,216.0,s,,,,,,,,,,,,706.0,ml/g (intrinsic viscosity),,,1023.0,,,,,[eta] ml/g,measured (as reported),False,pH not repeated in this table's rows in our transcription; pH taken from companion P1 row with the same Exp number (verified same O3 and t). Source prints pH as 0.3/2.6/3.9/8.8/9.6.
"Literature (external, real, screenshot-transcribed)",P2_DP,see URL: https://www.researchgate.net/publication/227335376_Effect_of_PH_and_temperature_on_cellulose_chain_scission_number_in_ozonization_of_oxygen_delignified_hardwood_kraft_pulp,P2_Exp10,Tab.1,Oxygen-delignified hardwood kraft pulp,hardwood,,,,,40.0,2.61,,,,,0.44,% O3 on o.d. pulp,287.0,s,,,,,,,,,,,,691.0,ml/g (intrinsic viscosity),,,999.0,,,,,[eta] ml/g,measured (as reported),False,pH not repeated in this table's rows in our transcription; pH taken from companion P1 row with the same Exp number (verified same O3 and t). Source prints pH as 0.3/2.6/3.9/8.8/9.6.
"Literature (external, real, screenshot-transcribed)",P2_DP,see URL: https://www.researchgate.net/publication/227335376_Effect_of_PH_and_temperature_on_cellulose_chain_scission_number_in_ozonization_of_oxygen_delignified_hardwood_kraft_pulp,P2_Exp11,Tab.1,Oxygen-delignified hardwood kraft pulp,hardwood,,,,,40.0,2.61,,,,,0.76,% O3 on o.d. pulp,431.0,s,,,,,,,,,,,,705.0,ml/g (intrinsic viscosity),,,1021.0,,,,,[eta] ml/g,measured (as reported),False,pH not repeated in this table's rows in our transcription; pH taken from companion P1 row with the same Exp number (verified same O3 and t). Source prints pH as 0.3/2.6/3.9/8.8/9.6.
"Literature (external, real, screenshot-transcribed)",P2_DP,see URL: https://www.researchgate.net/publication/227335376_Effect_of_PH_and_temperature_on_cellulose_chain_scission_number_in_ozonization_of_oxygen_delignified_hardwood_kraft_pulp,P2_Exp12,Tab.1,Oxygen-delignified hardwood kraft pulp,hardwood,,,,,40.0,2.61,,,,,0.95,% O3 on o.d. pulp,575.0,s,,,,,,,,,,,,660.0,ml/g (intrinsic viscosity),,,949.0,,,,,[eta] ml/g,measured (as reported),False,pH not repeated in this table's rows in our transcription; pH taken from companion P1 row with the same Exp number (verified same O3 and t). Source prints pH as 0.3/2.6/3.9/8.8/9.6.
"Literature (external, real, screenshot-transcribed)",P2_DP,see URL: https://www.researchgate.net/publication/227335376_Effect_of_PH_and_temperature_on_cellulose_chain_scission_number_in_ozonization_of_oxygen_delignified_hardwood_kraft_pulp,P2_Exp13,Tab.1,Oxygen-delignified hardwood kraft pulp,hardwood,,,,,40.0,2.61,,,,,0.9,% O3 on o.d. pulp,719.0,s,,,,,,,,,,,,630.0,ml/g (intrinsic viscosity),,,902.0,,,,,[eta] ml/g,measured (as reported),False,pH not repeated in this table's rows in our transcription; pH taken from companion P1 row with the same Exp number (verified same O3 and t). Source prints pH as 0.3/2.6/3.9/8.8/9.6.
"Literature (external, real, screenshot-transcribed)",P2_DP,see URL: https://www.researchgate.net/publication/227335376_Effect_of_PH_and_temperature_on_cellulose_chain_scission_number_in_ozonization_of_oxygen_delignified_hardwood_kraft_pulp,P2_Exp14,Tab.1,Oxygen-delignified hardwood kraft pulp,hardwood,,,,,40.0,3.86,,,,,0.14,% O3 on o.d. pulp,76.0,s,,,,,,,,,,,,783.0,ml/g (intrinsic viscosity),,,1146.0,,,,,[eta] ml/g,measured (as reported),False,pH not repeated in this table's rows in our transcription; pH taken from companion P1 row with the same Exp number (verified same O3 and t). Source prints pH as 0.3/2.6/3.9/8.8/9.6.
"Literature (external, real, screenshot-transcribed)",P2_DP,see URL: https://www.researchgate.net/publication/227335376_Effect_of_PH_and_temperature_on_cellulose_chain_scission_number_in_ozonization_of_oxygen_delignified_hardwood_kraft_pulp,P2_Exp15,Tab.1,Oxygen-delignified hardwood kraft pulp,hardwood,,,,,40.0,3.86,,,,,0.26,% O3 on o.d. pulp,152.0,s,,,,,,,,,,,,757.0,ml/g (intrinsic viscosity),,,1104.0,,,,,[eta] ml/g,measured (as reported),False,pH not repeated in this table's rows in our transcription; pH taken from companion P1 row with the same Exp number (verified same O3 and t). Source prints pH as 0.3/2.6/3.9/8.8/9.6.
"Literature (external, real, screenshot-transcribed)",P2_DP,see URL: https://www.researchgate.net/publication/227335376_Effect_of_PH_and_temperature_on_cellulose_chain_scission_number_in_ozonization_of_oxygen_delignified_hardwood_kraft_pulp,P2_Exp16,Tab.1,Oxygen-delignified hardwood kraft pulp,hardwood,,,,,40.0,3.86,,,,,0.41,% O3 on o.d. pulp,228.0,s,,,,,,,,,,,,754.0,ml/g (intrinsic viscosity),,,1100.0,,,,,[eta] ml/g,measured (as reported),False,pH not repeated in this table's rows in our transcription; pH taken from companion P1 row with the same Exp number (verified same O3 and t). Source prints pH as 0.3/2.6/3.9/8.8/9.6.
"Literature (external, real, screenshot-transcribed)",P2_DP,see URL: https://www.researchgate.net/publication/227335376_Effect_of_PH_and_temperature_on_cellulose_chain_scission_number_in_ozonization_of_oxygen_delignified_hardwood_kraft_pulp,P2_Exp17,Tab.1,Oxygen-delignified hardwood kraft pulp,hardwood,,,,,40.0,3.86,,,,,0.51,% O3 on o.d. pulp,304.0,s,,,,,,,,,,,,746.0,ml/g (intrinsic viscosity),,,1087.0,,,,,[eta] ml/g,measured (as reported),False,pH not repeated in this table's rows in our transcription; pH taken from companion P1 row with the same Exp number (verified same O3 and t). Source prints pH as 0.3/2.6/3.9/8.8/9.6.
"Literature (external, real, screenshot-transcribed)",P2_DP,see URL: https://www.researchgate.net/publication/227335376_Effect_of_PH_and_temperature_on_cellulose_chain_scission_number_in_ozonization_of_oxygen_delignified_hardwood_kraft_pulp,P2_Exp18,Tab.1,Oxygen-delignified hardwood kraft pulp,hardwood,,,,,40.0,3.86,,,,,0.68,% O3 on o.d. pulp,456.0,s,,,,,,,,,,,,729.0,ml/g (intrinsic viscosity),,,1060.0,,,,,[eta] ml/g,measured (as reported),False,pH not repeated in this table's rows in our transcription; pH taken from companion P1 row with the same Exp number (verified same O3 and t). Source prints pH as 0.3/2.6/3.9/8.8/9.6.
"Literature (external, real, screenshot-transcribed)",P2_DP,see URL: https://www.researchgate.net/publication/227335376_Effect_of_PH_and_temperature_on_cellulose_chain_scission_number_in_ozonization_of_oxygen_delignified_hardwood_kraft_pulp,P2_Exp19,Tab.1,Oxygen-delignified hardwood kraft pulp,hardwood,,,,,40.0,3.86,,,,,0.8,% O3 on o.d. pulp,607.0,s,,,,,,,,,,,,710.0,ml/g (intrinsic viscosity),,,1029.0,,,,,[eta] ml/g,measured (as reported),False,pH not repeated in this table's rows in our transcription; pH taken from companion P1 row with the same Exp number (verified same O3 and t). Source prints pH as 0.3/2.6/3.9/8.8/9.6.
"Literature (external, real, screenshot-transcribed)",P2_DP,see URL: https://www.researchgate.net/publication/227335376_Effect_of_PH_and_temperature_on_cellulose_chain_scission_number_in_ozonization_of_oxygen_delignified_hardwood_kraft_pulp,P2_Exp20,Tab.1,Oxygen-delignified hardwood kraft pulp,hardwood,,,,,40.0,3.86,,,,,0.85,% O3 on o.d. pulp,759.0,s,,,,,,,,,,,,698.0,ml/g (intrinsic viscosity),,,1010.0,,,,,[eta] ml/g,measured (as reported),False,pH not repeated in this table's rows in our transcription; pH taken from companion P1 row with the same Exp number (verified same O3 and t). Source prints pH as 0.3/2.6/3.9/8.8/9.6.
"Literature (external, real, screenshot-transcribed)",P2_DP,see URL: https://www.researchgate.net/publication/227335376_Effect_of_PH_and_temperature_on_cellulose_chain_scission_number_in_ozonization_of_oxygen_delignified_hardwood_kraft_pulp,P2_Exp21,Tab.1,Oxygen-delignified hardwood kraft pulp,hardwood,,,,,40.0,8.83,,,,,0.15,% O3 on o.d. pulp,74.0,s,,,,,,,,,,,,752.0,ml/g (intrinsic viscosity),,,1096.0,,,,,[eta] ml/g,measured (as reported),False,pH not repeated in this table's rows in our transcription; pH taken from companion P1 row with the same Exp number (verified same O3 and t). Source prints pH as 0.3/2.6/3.9/8.8/9.6.
"Literature (external, real, screenshot-transcribed)",P2_DP,see URL: https://www.researchgate.net/publication/227335376_Effect_of_PH_and_temperature_on_cellulose_chain_scission_number_in_ozonization_of_oxygen_delignified_hardwood_kraft_pulp,P2_Exp22,Tab.1,Oxygen-delignified hardwood kraft pulp,hardwood,,,,,40.0,8.83,,,,,0.35,% O3 on o.d. pulp,148.0,s,,,,,,,,,,,,723.0,ml/g (intrinsic viscosity),,,1050.0,,,,,[eta] ml/g,measured (as reported),False,pH not repeated in this table's rows in our transcription; pH taken from companion P1 row with the same Exp number (verified same O3 and t). Source prints pH as 0.3/2.6/3.9/8.8/9.6.
"Literature (external, real, screenshot-transcribed)",P2_DP,see URL: https://www.researchgate.net/publication/227335376_Effect_of_PH_and_temperature_on_cellulose_chain_scission_number_in_ozonization_of_oxygen_delignified_hardwood_kraft_pulp,P2_Exp23,Tab.1,Oxygen-delignified hardwood kraft pulp,hardwood,,,,,40.0,8.83,,,,,0.36,% O3 on o.d. pulp,222.0,s,,,,,,,,,,,,703.0,ml/g (intrinsic viscosity),,,1019.0,,,,,[eta] ml/g,measured (as reported),False,pH not repeated in this table's rows in our transcription; pH taken from companion P1 row with the same Exp number (verified same O3 and t). Source prints pH as 0.3/2.6/3.9/8.8/9.6.
"Literature (external, real, screenshot-transcribed)",P2_DP,see URL: https://www.researchgate.net/publication/227335376_Effect_of_PH_and_temperature_on_cellulose_chain_scission_number_in_ozonization_of_oxygen_delignified_hardwood_kraft_pulp,P2_Exp24,Tab.1,Oxygen-delignified hardwood kraft pulp,hardwood,,,,,40.0,8.83,,,,,0.6,% O3 on o.d. pulp,247.0,s,,,,,,,,,,,,693.0,ml/g (intrinsic viscosity),,,1003.0,,,,,[eta] ml/g,measured (as reported),False,pH not repeated in this table's rows in our transcription; pH taken from companion P1 row with the same Exp number (verified same O3 and t). Source prints pH as 0.3/2.6/3.9/8.8/9.6.
"Literature (external, real, screenshot-transcribed)",P2_DP,see URL: https://www.researchgate.net/publication/227335376_Effect_of_PH_and_temperature_on_cellulose_chain_scission_number_in_ozonization_of_oxygen_delignified_hardwood_kraft_pulp,P2_Exp25,Tab.1,Oxygen-delignified hardwood kraft pulp,hardwood,,,,,40.0,8.83,,,,,0.88,% O3 on o.d. pulp,445.0,s,,,,,,,,,,,,702.0,ml/g (intrinsic viscosity),,,1017.0,,,,,[eta] ml/g,measured (as reported),False,pH not repeated in this table's rows in our transcription; pH taken from companion P1 row with the same Exp number (verified same O3 and t). Source prints pH as 0.3/2.6/3.9/8.8/9.6.
"Literature (external, real, screenshot-transcribed)",P2_DP,see URL: https://www.researchgate.net/publication/227335376_Effect_of_PH_and_temperature_on_cellulose_chain_scission_number_in_ozonization_of_oxygen_delignified_hardwood_kraft_pulp,P2_Exp26,Tab.1,Oxygen-delignified hardwood kraft pulp,hardwood,,,,,40.0,8.83,,,,,1.14,% O3 on o.d. pulp,593.0,s,,,,,,,,,,,,668.0,ml/g (intrinsic viscosity),,,962.0,,,,,[eta] ml/g,measured (as reported),False,pH not repeated in this table's rows in our transcription; pH taken from companion P1 row with the same Exp number (verified same O3 and t). Source prints pH as 0.3/2.6/3.9/8.8/9.6.
"Literature (external, real, screenshot-transcribed)",P2_DP,see URL: https://www.researchgate.net/publication/227335376_Effect_of_PH_and_temperature_on_cellulose_chain_scission_number_in_ozonization_of_oxygen_delignified_hardwood_kraft_pulp,P2_Exp27,Tab.1,Oxygen-delignified hardwood kraft pulp,hardwood,,,,,40.0,8.83,,,,,1.45,% O3 on o.d. pulp,742.0,s,,,,,,,,,,,,615.0,ml/g (intrinsic viscosity),,,878.0,,,,,[eta] ml/g,measured (as reported),False,pH not repeated in this table's rows in our transcription; pH taken from companion P1 row with the same Exp number (verified same O3 and t). Source prints pH as 0.3/2.6/3.9/8.8/9.6.
"Literature (external, real, screenshot-transcribed)",P2_DP,see URL: https://www.researchgate.net/publication/227335376_Effect_of_PH_and_temperature_on_cellulose_chain_scission_number_in_ozonization_of_oxygen_delignified_hardwood_kraft_pulp,P2_Exp28,Tab.1,Oxygen-delignified hardwood kraft pulp,hardwood,,,,,40.0,9.6,,,,,0.07,% O3 on o.d. pulp,60.0,s,,,,,,,,,,,,781.0,ml/g (intrinsic viscosity),,,1144.0,,,,,[eta] ml/g,measured (as reported),False,pH not repeated in this table's rows in our transcription; pH taken from companion P1 row with the same Exp number (verified same O3 and t). Source prints pH as 0.3/2.6/3.9/8.8/9.6.
"Literature (external, real, screenshot-transcribed)",P2_DP,see URL: https://www.researchgate.net/publication/227335376_Effect_of_PH_and_temperature_on_cellulose_chain_scission_number_in_ozonization_of_oxygen_delignified_hardwood_kraft_pulp,P2_Exp29,Tab.1,Oxygen-delignified hardwood kraft pulp,hardwood,,,,,40.0,9.6,,,,,0.11,% O3 on o.d. pulp,30.0,s,,,,,,,,,,,,763.0,ml/g (intrinsic viscosity),,,1115.0,,,,,[eta] ml/g,measured (as reported),False,pH not repeated in this table's rows in our transcription; pH taken from companion P1 row with the same Exp number (verified same O3 and t). Source prints pH as 0.3/2.6/3.9/8.8/9.6.
"Literature (external, real, screenshot-transcribed)",P2_DP,see URL: https://www.researchgate.net/publication/227335376_Effect_of_PH_and_temperature_on_cellulose_chain_scission_number_in_ozonization_of_oxygen_delignified_hardwood_kraft_pulp,P2_Exp30,Tab.1,Oxygen-delignified hardwood kraft pulp,hardwood,,,,,40.0,9.6,,,,,0.2,% O3 on o.d. pulp,90.0,s,,,,,,,,,,,,727.0,ml/g (intrinsic viscosity),,,1057.0,,,,,[eta] ml/g,measured (as reported),False,pH not repeated in this table's rows in our transcription; pH taken from companion P1 row with the same Exp number (verified same O3 and t). Source prints pH as 0.3/2.6/3.9/8.8/9.6.
"Literature (external, real, screenshot-transcribed)",P2_DP,see URL: https://www.researchgate.net/publication/227335376_Effect_of_PH_and_temperature_on_cellulose_chain_scission_number_in_ozonization_of_oxygen_delignified_hardwood_kraft_pulp,P2_Exp31,Tab.1,Oxygen-delignified hardwood kraft pulp,hardwood,,,,,40.0,9.6,,,,,0.21,% O3 on o.d. pulp,120.0,s,,,,,,,,,,,,718.0,ml/g (intrinsic viscosity),,,1043.0,,,,,[eta] ml/g,measured (as reported),False,pH not repeated in this table's rows in our transcription; pH taken from companion P1 row with the same Exp number (verified same O3 and t). Source prints pH as 0.3/2.6/3.9/8.8/9.6.
"Literature (external, real, screenshot-transcribed)",P2_DP,see URL: https://www.researchgate.net/publication/227335376_Effect_of_PH_and_temperature_on_cellulose_chain_scission_number_in_ozonization_of_oxygen_delignified_hardwood_kraft_pulp,P2_Exp32,Tab.1,Oxygen-delignified hardwood kraft pulp,hardwood,,,,,40.0,9.6,,,,,0.29,% O3 on o.d. pulp,150.0,s,,,,,,,,,,,,702.0,ml/g (intrinsic viscosity),,,1016.0,,,,,[eta] ml/g,measured (as reported),False,pH not repeated in this table's rows in our transcription; pH taken from companion P1 row with the same Exp number (verified same O3 and t). Source prints pH as 0.3/2.6/3.9/8.8/9.6.
"Literature (external, real, screenshot-transcribed)",P2_DP,see URL: https://www.researchgate.net/publication/227335376_Effect_of_PH_and_temperature_on_cellulose_chain_scission_number_in_ozonization_of_oxygen_delignified_hardwood_kraft_pulp,P2_Exp33,Tab.1,Oxygen-delignified hardwood kraft pulp,hardwood,,,,,40.0,9.6,,,,,0.32,% O3 on o.d. pulp,180.0,s,,,,,,,,,,,,712.0,ml/g (intrinsic viscosity),,,1032.0,,,,,[eta] ml/g,measured (as reported),False,pH not repeated in this table's rows in our transcription; pH taken from companion P1 row with the same Exp number (verified same O3 and t). Source prints pH as 0.3/2.6/3.9/8.8/9.6.
"Literature (external, real, screenshot-transcribed)",P1_OPTICAL,see URL: https://www.researchgate.net/publication/235227836_Effect_of_pH_and_temperature_on_the_optical_properties_in_ozonization_oxygen_delignified_hardwood_kraft_pulp,P1_Exp34,Tab.2,Oxygen-delignified hardwood kraft pulp,hardwood,,,,,20.0,0.26,,,,,0.06,% O3 on o.d. pulp,67.0,s,,,,,,,,,,,,,,,,,86.11,2.5,14.0,,O3 % o.d. pulp; t s; CIELAB,measured (as reported),False,Brightness NOT reported per experiment - only CIELAB L*a*b*.
"Literature (external, real, screenshot-transcribed)",P1_OPTICAL,see URL: https://www.researchgate.net/publication/235227836_Effect_of_pH_and_temperature_on_the_optical_properties_in_ozonization_oxygen_delignified_hardwood_kraft_pulp,P1_Exp35,Tab.2,Oxygen-delignified hardwood kraft pulp,hardwood,,,,,20.0,0.26,,,,,0.15,% O3 on o.d. pulp,133.0,s,,,,,,,,,,,,,,,,,86.61,2.57,14.17,,O3 % o.d. pulp; t s; CIELAB,measured (as reported),False,Brightness NOT reported per experiment - only CIELAB L*a*b*.
"Literature (external, real, screenshot-transcribed)",P1_OPTICAL,see URL: https://www.researchgate.net/publication/235227836_Effect_of_pH_and_temperature_on_the_optical_properties_in_ozonization_oxygen_delignified_hardwood_kraft_pulp,P1_Exp36,Tab.2,Oxygen-delignified hardwood kraft pulp,hardwood,,,,,20.0,0.26,,,,,0.2,% O3 on o.d. pulp,200.0,s,,,,,,,,,,,,,,,,,87.13,2.4,13.87,,O3 % o.d. pulp; t s; CIELAB,measured (as reported),False,Brightness NOT reported per experiment - only CIELAB L*a*b*.
"Literature (external, real, screenshot-transcribed)",P1_OPTICAL,see URL: https://www.researchgate.net/publication/235227836_Effect_of_pH_and_temperature_on_the_optical_properties_in_ozonization_oxygen_delignified_hardwood_kraft_pulp,P1_Exp37,Tab.2,Oxygen-delignified hardwood kraft pulp,hardwood,,,,,20.0,0.26,,,,,0.22,% O3 on o.d. pulp,266.0,s,,,,,,,,,,,,,,,,,87.5,2.3,13.4,,O3 % o.d. pulp; t s; CIELAB,measured (as reported),False,Brightness NOT reported per experiment - only CIELAB L*a*b*.
"Literature (external, real, screenshot-transcribed)",P1_OPTICAL,see URL: https://www.researchgate.net/publication/235227836_Effect_of_pH_and_temperature_on_the_optical_properties_in_ozonization_oxygen_delignified_hardwood_kraft_pulp,P1_Exp38,Tab.2,Oxygen-delignified hardwood kraft pulp,hardwood,,,,,20.0,0.26,,,,,0.32,% O3 on o.d. pulp,399.0,s,,,,,,,,,,,,,,,,,87.84,2.27,13.0,,O3 % o.d. pulp; t s; CIELAB,measured (as reported),False,Brightness NOT reported per experiment - only CIELAB L*a*b*.
"Literature (external, real, screenshot-transcribed)",P1_OPTICAL,see URL: https://www.researchgate.net/publication/235227836_Effect_of_pH_and_temperature_on_the_optical_properties_in_ozonization_oxygen_delignified_hardwood_kraft_pulp,P1_Exp39,Tab.2,Oxygen-delignified hardwood kraft pulp,hardwood,,,,,20.0,0.26,,,,,0.39,% O3 on o.d. pulp,532.0,s,,,,,,,,,,,,,,,,,88.21,2.13,12.77,,O3 % o.d. pulp; t s; CIELAB,measured (as reported),False,Brightness NOT reported per experiment - only CIELAB L*a*b*.
"Literature (external, real, screenshot-transcribed)",P1_OPTICAL,see URL: https://www.researchgate.net/publication/235227836_Effect_of_pH_and_temperature_on_the_optical_properties_in_ozonization_oxygen_delignified_hardwood_kraft_pulp,P1_Exp40,Tab.2,Oxygen-delignified hardwood kraft pulp,hardwood,,,,,20.0,0.26,,,,,0.54,% O3 on o.d. pulp,665.0,s,,,,,,,,,,,,,,,,,87.92,2.23,12.87,,O3 % o.d. pulp; t s; CIELAB,measured (as reported),False,Brightness NOT reported per experiment - only CIELAB L*a*b*.
"Literature (external, real, screenshot-transcribed)",P1_OPTICAL,see URL: https://www.researchgate.net/publication/235227836_Effect_of_pH_and_temperature_on_the_optical_properties_in_ozonization_oxygen_delignified_hardwood_kraft_pulp,P1_Exp41,Tab.2,Oxygen-delignified hardwood kraft pulp,hardwood,,,,,20.0,2.61,,,,,0.19,% O3 on o.d. pulp,37.0,s,,,,,,,,,,,,,,,,,84.51,2.6,14.3,,O3 % o.d. pulp; t s; CIELAB,measured (as reported),False,Brightness NOT reported per experiment - only CIELAB L*a*b*.
"Literature (external, real, screenshot-transcribed)",P1_OPTICAL,see URL: https://www.researchgate.net/publication/235227836_Effect_of_pH_and_temperature_on_the_optical_properties_in_ozonization_oxygen_delignified_hardwood_kraft_pulp,P1_Exp42,Tab.2,Oxygen-delignified hardwood kraft pulp,hardwood,,,,,20.0,2.61,,,,,0.24,% O3 on o.d. pulp,134.0,s,,,,,,,,,,,,,,,,,86.29,2.5,13.67,,O3 % o.d. pulp; t s; CIELAB,measured (as reported),False,Brightness NOT reported per experiment - only CIELAB L*a*b*.
"Literature (external, real, screenshot-transcribed)",P1_OPTICAL,see URL: https://www.researchgate.net/publication/235227836_Effect_of_pH_and_temperature_on_the_optical_properties_in_ozonization_oxygen_delignified_hardwood_kraft_pulp,P1_Exp43,Tab.2,Oxygen-delignified hardwood kraft pulp,hardwood,,,,,20.0,2.61,,,,,0.32,% O3 on o.d. pulp,201.0,s,,,,,,,,,,,,,,,,,86.62,2.5,13.7,,O3 % o.d. pulp; t s; CIELAB,measured (as reported),False,Brightness NOT reported per experiment - only CIELAB L*a*b*.
"Literature (external, real, screenshot-transcribed)",P1_OPTICAL,see URL: https://www.researchgate.net/publication/235227836_Effect_of_pH_and_temperature_on_the_optical_properties_in_ozonization_oxygen_delignified_hardwood_kraft_pulp,P1_Exp44,Tab.2,Oxygen-delignified hardwood kraft pulp,hardwood,,,,,20.0,2.61,,,,,0.43,% O3 on o.d. pulp,263.0,s,,,,,,,,,,,,,,,,,85.26,2.3,13.9,,O3 % o.d. pulp; t s; CIELAB,measured (as reported),False,Brightness NOT reported per experiment - only CIELAB L*a*b*.
"Literature (external, real, screenshot-transcribed)",P1_OPTICAL,see URL: https://www.researchgate.net/publication/235227836_Effect_of_pH_and_temperature_on_the_optical_properties_in_ozonization_oxygen_delignified_hardwood_kraft_pulp,P1_Exp45,Tab.2,Oxygen-delignified hardwood kraft pulp,hardwood,,,,,20.0,2.61,,,,,0.56,% O3 on o.d. pulp,394.0,s,,,,,,,,,,,,,,,,,86.77,2.43,13.53,,O3 % o.d. pulp; t s; CIELAB,measured (as reported),False,Brightness NOT reported per experiment - only CIELAB L*a*b*.
"Literature (external, real, screenshot-transcribed)",P1_OPTICAL,see URL: https://www.researchgate.net/publication/235227836_Effect_of_pH_and_temperature_on_the_optical_properties_in_ozonization_oxygen_delignified_hardwood_kraft_pulp,P1_Exp46,Tab.2,Oxygen-delignified hardwood kraft pulp,hardwood,,,,,20.0,2.61,,,,,0.67,% O3 on o.d. pulp,525.0,s,,,,,,,,,,,,,,,,,87.06,2.37,13.77,,O3 % o.d. pulp; t s; CIELAB,measured (as reported),False,Brightness NOT reported per experiment - only CIELAB L*a*b*.
"Literature (external, real, screenshot-transcribed)",P1_OPTICAL,see URL: https://www.researchgate.net/publication/235227836_Effect_of_pH_and_temperature_on_the_optical_properties_in_ozonization_oxygen_delignified_hardwood_kraft_pulp,P1_Exp47,Tab.2,Oxygen-delignified hardwood kraft pulp,hardwood,,,,,20.0,2.61,,,,,0.82,% O3 on o.d. pulp,657.0,s,,,,,,,,,,,,,,,,,86.76,2.13,13.07,,O3 % o.d. pulp; t s; CIELAB,measured (as reported),False,Brightness NOT reported per experiment - only CIELAB L*a*b*.
"Literature (external, real, screenshot-transcribed)",P1_OPTICAL,see URL: https://www.researchgate.net/publication/235227836_Effect_of_pH_and_temperature_on_the_optical_properties_in_ozonization_oxygen_delignified_hardwood_kraft_pulp,P1_Exp48,Tab.2,Oxygen-delignified hardwood kraft pulp,hardwood,,,,,20.0,3.86,,,,,0.12,% O3 on o.d. pulp,70.0,s,,,,,,,,,,,,,,,,,85.47,2.6,14.3,,O3 % o.d. pulp; t s; CIELAB,measured (as reported),False,Brightness NOT reported per experiment - only CIELAB L*a*b*.
"Literature (external, real, screenshot-transcribed)",P1_OPTICAL,see URL: https://www.researchgate.net/publication/235227836_Effect_of_pH_and_temperature_on_the_optical_properties_in_ozonization_oxygen_delignified_hardwood_kraft_pulp,P1_Exp49,Tab.2,Oxygen-delignified hardwood kraft pulp,hardwood,,,,,20.0,3.86,,,,,0.29,% O3 on o.d. pulp,140.0,s,,,,,,,,,,,,,,,,,85.82,2.6,13.97,,O3 % o.d. pulp; t s; CIELAB,measured (as reported),False,Brightness NOT reported per experiment - only CIELAB L*a*b*.
"Literature (external, real, screenshot-transcribed)",P1_OPTICAL,see URL: https://www.researchgate.net/publication/235227836_Effect_of_pH_and_temperature_on_the_optical_properties_in_ozonization_oxygen_delignified_hardwood_kraft_pulp,P1_Exp50,Tab.2,Oxygen-delignified hardwood kraft pulp,hardwood,,,,,20.0,3.86,,,,,0.38,% O3 on o.d. pulp,209.0,s,,,,,,,,,,,,,,,,,85.75,2.63,14.23,,O3 % o.d. pulp; t s; CIELAB,measured (as reported),False,Brightness NOT reported per experiment - only CIELAB L*a*b*.
"Literature (external, real, screenshot-transcribed)",P1_OPTICAL,see URL: https://www.researchgate.net/publication/235227836_Effect_of_pH_and_temperature_on_the_optical_properties_in_ozonization_oxygen_delignified_hardwood_kraft_pulp,P1_Exp51,Tab.2,Oxygen-delignified hardwood kraft pulp,hardwood,,,,,20.0,3.86,,,,,0.47,% O3 on o.d. pulp,279.0,s,,,,,,,,,,,,,,,,,86.03,2.53,13.73,,O3 % o.d. pulp; t s; CIELAB,measured (as reported),False,Brightness NOT reported per experiment - only CIELAB L*a*b*.
"Literature (external, real, screenshot-transcribed)",P1_OPTICAL,see URL: https://www.researchgate.net/publication/235227836_Effect_of_pH_and_temperature_on_the_optical_properties_in_ozonization_oxygen_delignified_hardwood_kraft_pulp,P1_Exp52,Tab.2,Oxygen-delignified hardwood kraft pulp,hardwood,,,,,20.0,3.86,,,,,0.62,% O3 on o.d. pulp,419.0,s,,,,,,,,,,,,,,,,,86.52,2.5,13.87,,O3 % o.d. pulp; t s; CIELAB,measured (as reported),False,Brightness NOT reported per experiment - only CIELAB L*a*b*.
"Literature (external, real, screenshot-transcribed)",P1_OPTICAL,see URL: https://www.researchgate.net/publication/235227836_Effect_of_pH_and_temperature_on_the_optical_properties_in_ozonization_oxygen_delignified_hardwood_kraft_pulp,P1_Exp53,Tab.2,Oxygen-delignified hardwood kraft pulp,hardwood,,,,,20.0,3.86,,,,,0.81,% O3 on o.d. pulp,559.0,s,,,,,,,,,,,,,,,,,86.65,2.47,13.77,,O3 % o.d. pulp; t s; CIELAB,measured (as reported),False,Brightness NOT reported per experiment - only CIELAB L*a*b*.
"Literature (external, real, screenshot-transcribed)",P1_OPTICAL,see URL: https://www.researchgate.net/publication/235227836_Effect_of_pH_and_temperature_on_the_optical_properties_in_ozonization_oxygen_delignified_hardwood_kraft_pulp,P1_Exp54,Tab.2,Oxygen-delignified hardwood kraft pulp,hardwood,,,,,20.0,3.86,,,,,0.87,% O3 on o.d. pulp,698.0,s,,,,,,,,,,,,,,,,,87.03,2.37,13.27,,O3 % o.d. pulp; t s; CIELAB,measured (as reported),False,Brightness NOT reported per experiment - only CIELAB L*a*b*.
"Literature (external, real, screenshot-transcribed)",P1_OPTICAL,see URL: https://www.researchgate.net/publication/235227836_Effect_of_pH_and_temperature_on_the_optical_properties_in_ozonization_oxygen_delignified_hardwood_kraft_pulp,P1_Exp55,Tab.2,Oxygen-delignified hardwood kraft pulp,hardwood,,,,,20.0,8.83,,,,,0.04,% O3 on o.d. pulp,67.0,s,,,,,,,,,,,,,,,,,83.92,2.53,14.33,,O3 % o.d. pulp; t s; CIELAB,measured (as reported),False,Brightness NOT reported per experiment - only CIELAB L*a*b*.
"Literature (external, real, screenshot-transcribed)",P1_OPTICAL,see URL: https://www.researchgate.net/publication/235227836_Effect_of_pH_and_temperature_on_the_optical_properties_in_ozonization_oxygen_delignified_hardwood_kraft_pulp,P1_Exp56,Tab.2,Oxygen-delignified hardwood kraft pulp,hardwood,,,,,20.0,8.83,,,,,0.28,% O3 on o.d. pulp,133.0,s,,,,,,,,,,,,,,,,,84.19,2.53,14.27,,O3 % o.d. pulp; t s; CIELAB,measured (as reported),False,Brightness NOT reported per experiment - only CIELAB L*a*b*.
"Literature (external, real, screenshot-transcribed)",P1_OPTICAL,see URL: https://www.researchgate.net/publication/235227836_Effect_of_pH_and_temperature_on_the_optical_properties_in_ozonization_oxygen_delignified_hardwood_kraft_pulp,P1_Exp57,Tab.2,Oxygen-delignified hardwood kraft pulp,hardwood,,,,,20.0,8.83,,,,,0.39,% O3 on o.d. pulp,200.0,s,,,,,,,,,,,,,,,,,84.43,2.47,14.13,,O3 % o.d. pulp; t s; CIELAB,measured (as reported),False,Brightness NOT reported per experiment - only CIELAB L*a*b*.
"Literature (external, real, screenshot-transcribed)",P1_OPTICAL,see URL: https://www.researchgate.net/publication/235227836_Effect_of_pH_and_temperature_on_the_optical_properties_in_ozonization_oxygen_delignified_hardwood_kraft_pulp,P1_Exp58,Tab.2,Oxygen-delignified hardwood kraft pulp,hardwood,,,,,20.0,8.83,,,,,0.46,% O3 on o.d. pulp,266.0,s,,,,,,,,,,,,,,,,,84.64,2.43,14.03,,O3 % o.d. pulp; t s; CIELAB,measured (as reported),False,Brightness NOT reported per experiment - only CIELAB L*a*b*.
"Literature (external, real, screenshot-transcribed)",P1_OPTICAL,see URL: https://www.researchgate.net/publication/235227836_Effect_of_pH_and_temperature_on_the_optical_properties_in_ozonization_oxygen_delignified_hardwood_kraft_pulp,P1_Exp59,Tab.2,Oxygen-delignified hardwood kraft pulp,hardwood,,,,,20.0,8.83,,,,,0.59,% O3 on o.d. pulp,400.0,s,,,,,,,,,,,,,,,,,84.47,2.57,14.23,,O3 % o.d. pulp; t s; CIELAB,measured (as reported),False,Brightness NOT reported per experiment - only CIELAB L*a*b*.
"Literature (external, real, screenshot-transcribed)",P1_OPTICAL,see URL: https://www.researchgate.net/publication/235227836_Effect_of_pH_and_temperature_on_the_optical_properties_in_ozonization_oxygen_delignified_hardwood_kraft_pulp,P1_Exp60,Tab.2,Oxygen-delignified hardwood kraft pulp,hardwood,,,,,20.0,8.83,,,,,0.71,% O3 on o.d. pulp,533.0,s,,,,,,,,,,,,,,,,,85.24,2.37,13.83,,O3 % o.d. pulp; t s; CIELAB,measured (as reported),False,Brightness NOT reported per experiment - only CIELAB L*a*b*.
"Literature (external, real, screenshot-transcribed)",P1_OPTICAL,see URL: https://www.researchgate.net/publication/235227836_Effect_of_pH_and_temperature_on_the_optical_properties_in_ozonization_oxygen_delignified_hardwood_kraft_pulp,P1_Exp61,Tab.2,Oxygen-delignified hardwood kraft pulp,hardwood,,,,,20.0,8.83,,,,,1.09,% O3 on o.d. pulp,667.0,s,,,,,,,,,,,,,,,,,85.9,2.3,13.4,,O3 % o.d. pulp; t s; CIELAB,measured (as reported),False,Brightness NOT reported per experiment - only CIELAB L*a*b*.
"Literature (external, real, screenshot-transcribed)",P2_DP,see URL: https://www.researchgate.net/publication/227335376_Effect_of_PH_and_temperature_on_cellulose_chain_scission_number_in_ozonization_of_oxygen_delignified_hardwood_kraft_pulp,P2_Exp34,Tab.2,Oxygen-delignified hardwood kraft pulp,hardwood,,,,,20.0,0.26,,,,,0.06,% O3 on o.d. pulp,67.0,s,,,,,,,,,,,,753.0,ml/g (intrinsic viscosity),,,1098.0,,,,,[eta] ml/g,measured (as reported),False,pH not repeated in this table's rows in our transcription; pH taken from companion P1 row with the same Exp number (verified same O3 and t). Source prints pH as 0.3/2.6/3.9/8.8/9.6.
"Literature (external, real, screenshot-transcribed)",P2_DP,see URL: https://www.researchgate.net/publication/227335376_Effect_of_PH_and_temperature_on_cellulose_chain_scission_number_in_ozonization_of_oxygen_delignified_hardwood_kraft_pulp,P2_Exp35,Tab.2,Oxygen-delignified hardwood kraft pulp,hardwood,,,,,20.0,0.26,,,,,0.15,% O3 on o.d. pulp,133.0,s,,,,,,,,,,,,739.0,ml/g (intrinsic viscosity),,,1076.0,,,,,[eta] ml/g,measured (as reported),False,pH not repeated in this table's rows in our transcription; pH taken from companion P1 row with the same Exp number (verified same O3 and t). Source prints pH as 0.3/2.6/3.9/8.8/9.6.
"Literature (external, real, screenshot-transcribed)",P2_DP,see URL: https://www.researchgate.net/publication/227335376_Effect_of_PH_and_temperature_on_cellulose_chain_scission_number_in_ozonization_of_oxygen_delignified_hardwood_kraft_pulp,P2_Exp36,Tab.2,Oxygen-delignified hardwood kraft pulp,hardwood,,,,,20.0,0.26,,,,,0.2,% O3 on o.d. pulp,200.0,s,,,,,,,,,,,,730.0,ml/g (intrinsic viscosity),,,1061.0,,,,,[eta] ml/g,measured (as reported),False,pH not repeated in this table's rows in our transcription; pH taken from companion P1 row with the same Exp number (verified same O3 and t). Source prints pH as 0.3/2.6/3.9/8.8/9.6.
"Literature (external, real, screenshot-transcribed)",P2_DP,see URL: https://www.researchgate.net/publication/227335376_Effect_of_PH_and_temperature_on_cellulose_chain_scission_number_in_ozonization_of_oxygen_delignified_hardwood_kraft_pulp,P2_Exp37,Tab.2,Oxygen-delignified hardwood kraft pulp,hardwood,,,,,20.0,0.26,,,,,0.22,% O3 on o.d. pulp,266.0,s,,,,,,,,,,,,697.0,ml/g (intrinsic viscosity),,,1009.0,,,,,[eta] ml/g,measured (as reported),False,pH not repeated in this table's rows in our transcription; pH taken from companion P1 row with the same Exp number (verified same O3 and t). Source prints pH as 0.3/2.6/3.9/8.8/9.6.
"Literature (external, real, screenshot-transcribed)",P2_DP,see URL: https://www.researchgate.net/publication/227335376_Effect_of_PH_and_temperature_on_cellulose_chain_scission_number_in_ozonization_of_oxygen_delignified_hardwood_kraft_pulp,P2_Exp38,Tab.2,Oxygen-delignified hardwood kraft pulp,hardwood,,,,,20.0,0.26,,,,,0.32,% O3 on o.d. pulp,399.0,s,,,,,,,,,,,,696.0,ml/g (intrinsic viscosity),,,1006.0,,,,,[eta] ml/g,measured (as reported),False,pH not repeated in this table's rows in our transcription; pH taken from companion P1 row with the same Exp number (verified same O3 and t). Source prints pH as 0.3/2.6/3.9/8.8/9.6.
"Literature (external, real, screenshot-transcribed)",P2_DP,see URL: https://www.researchgate.net/publication/227335376_Effect_of_PH_and_temperature_on_cellulose_chain_scission_number_in_ozonization_of_oxygen_delignified_hardwood_kraft_pulp,P2_Exp39,Tab.2,Oxygen-delignified hardwood kraft pulp,hardwood,,,,,20.0,0.26,,,,,0.39,% O3 on o.d. pulp,532.0,s,,,,,,,,,,,,697.0,ml/g (intrinsic viscosity),,,1009.0,,,,,[eta] ml/g,measured (as reported),False,pH not repeated in this table's rows in our transcription; pH taken from companion P1 row with the same Exp number (verified same O3 and t). Source prints pH as 0.3/2.6/3.9/8.8/9.6.
"Literature (external, real, screenshot-transcribed)",P2_DP,see URL: https://www.researchgate.net/publication/227335376_Effect_of_PH_and_temperature_on_cellulose_chain_scission_number_in_ozonization_of_oxygen_delignified_hardwood_kraft_pulp,P2_Exp40,Tab.2,Oxygen-delignified hardwood kraft pulp,hardwood,,,,,20.0,0.26,,,,,0.54,% O3 on o.d. pulp,665.0,s,,,,,,,,,,,,682.0,ml/g (intrinsic viscosity),,,984.0,,,,,[eta] ml/g,measured (as reported),False,pH not repeated in this table's rows in our transcription; pH taken from companion P1 row with the same Exp number (verified same O3 and t). Source prints pH as 0.3/2.6/3.9/8.8/9.6.
"Literature (external, real, screenshot-transcribed)",P2_DP,see URL: https://www.researchgate.net/publication/227335376_Effect_of_PH_and_temperature_on_cellulose_chain_scission_number_in_ozonization_of_oxygen_delignified_hardwood_kraft_pulp,P2_Exp41,Tab.2,Oxygen-delignified hardwood kraft pulp,hardwood,,,,,20.0,2.61,,,,,0.19,% O3 on o.d. pulp,37.0,s,,,,,,,,,,,,750.0,ml/g (intrinsic viscosity),,,1093.0,,,,,[eta] ml/g,measured (as reported),False,pH not repeated in this table's rows in our transcription; pH taken from companion P1 row with the same Exp number (verified same O3 and t). Source prints pH as 0.3/2.6/3.9/8.8/9.6.
"Literature (external, real, screenshot-transcribed)",P2_DP,see URL: https://www.researchgate.net/publication/227335376_Effect_of_PH_and_temperature_on_cellulose_chain_scission_number_in_ozonization_of_oxygen_delignified_hardwood_kraft_pulp,P2_Exp42,Tab.2,Oxygen-delignified hardwood kraft pulp,hardwood,,,,,20.0,2.61,,,,,0.24,% O3 on o.d. pulp,134.0,s,,,,,,,,,,,,709.0,ml/g (intrinsic viscosity),,,1028.0,,,,,[eta] ml/g,measured (as reported),False,pH not repeated in this table's rows in our transcription; pH taken from companion P1 row with the same Exp number (verified same O3 and t). Source prints pH as 0.3/2.6/3.9/8.8/9.6.
"Literature (external, real, screenshot-transcribed)",P2_DP,see URL: https://www.researchgate.net/publication/227335376_Effect_of_PH_and_temperature_on_cellulose_chain_scission_number_in_ozonization_of_oxygen_delignified_hardwood_kraft_pulp,P2_Exp43,Tab.2,Oxygen-delignified hardwood kraft pulp,hardwood,,,,,20.0,2.61,,,,,0.32,% O3 on o.d. pulp,201.0,s,,,,,,,,,,,,709.0,ml/g (intrinsic viscosity),,,1027.0,,,,,[eta] ml/g,measured (as reported),False,pH not repeated in this table's rows in our transcription; pH taken from companion P1 row with the same Exp number (verified same O3 and t). Source prints pH as 0.3/2.6/3.9/8.8/9.6.
"Literature (external, real, screenshot-transcribed)",P2_DP,see URL: https://www.researchgate.net/publication/227335376_Effect_of_PH_and_temperature_on_cellulose_chain_scission_number_in_ozonization_of_oxygen_delignified_hardwood_kraft_pulp,P2_Exp44,Tab.2,Oxygen-delignified hardwood kraft pulp,hardwood,,,,,20.0,2.61,,,,,0.43,% O3 on o.d. pulp,263.0,s,,,,,,,,,,,,706.0,ml/g (intrinsic viscosity),,,1023.0,,,,,[eta] ml/g,measured (as reported),False,pH not repeated in this table's rows in our transcription; pH taken from companion P1 row with the same Exp number (verified same O3 and t). Source prints pH as 0.3/2.6/3.9/8.8/9.6.
"Literature (external, real, screenshot-transcribed)",P2_DP,see URL: https://www.researchgate.net/publication/227335376_Effect_of_PH_and_temperature_on_cellulose_chain_scission_number_in_ozonization_of_oxygen_delignified_hardwood_kraft_pulp,P2_Exp45,Tab.2,Oxygen-delignified hardwood kraft pulp,hardwood,,,,,20.0,2.61,,,,,0.56,% O3 on o.d. pulp,394.0,s,,,,,,,,,,,,687.0,ml/g (intrinsic viscosity),,,992.0,,,,,[eta] ml/g,measured (as reported),False,pH not repeated in this table's rows in our transcription; pH taken from companion P1 row with the same Exp number (verified same O3 and t). Source prints pH as 0.3/2.6/3.9/8.8/9.6.
"Literature (external, real, screenshot-transcribed)",P2_DP,see URL: https://www.researchgate.net/publication/227335376_Effect_of_PH_and_temperature_on_cellulose_chain_scission_number_in_ozonization_of_oxygen_delignified_hardwood_kraft_pulp,P2_Exp46,Tab.2,Oxygen-delignified hardwood kraft pulp,hardwood,,,,,20.0,2.61,,,,,0.67,% O3 on o.d. pulp,525.0,s,,,,,,,,,,,,648.0,ml/g (intrinsic viscosity),,,931.0,,,,,[eta] ml/g,measured (as reported),False,pH not repeated in this table's rows in our transcription; pH taken from companion P1 row with the same Exp number (verified same O3 and t). Source prints pH as 0.3/2.6/3.9/8.8/9.6.
"Literature (external, real, screenshot-transcribed)",P2_DP,see URL: https://www.researchgate.net/publication/227335376_Effect_of_PH_and_temperature_on_cellulose_chain_scission_number_in_ozonization_of_oxygen_delignified_hardwood_kraft_pulp,P2_Exp47,Tab.2,Oxygen-delignified hardwood kraft pulp,hardwood,,,,,20.0,2.61,,,,,0.82,% O3 on o.d. pulp,657.0,s,,,,,,,,,,,,652.0,ml/g (intrinsic viscosity),,,937.0,,,,,[eta] ml/g,measured (as reported),False,pH not repeated in this table's rows in our transcription; pH taken from companion P1 row with the same Exp number (verified same O3 and t). Source prints pH as 0.3/2.6/3.9/8.8/9.6.
"Literature (external, real, screenshot-transcribed)",P2_DP,see URL: https://www.researchgate.net/publication/227335376_Effect_of_PH_and_temperature_on_cellulose_chain_scission_number_in_ozonization_of_oxygen_delignified_hardwood_kraft_pulp,P2_Exp48,Tab.2,Oxygen-delignified hardwood kraft pulp,hardwood,,,,,20.0,3.86,,,,,0.12,% O3 on o.d. pulp,70.0,s,,,,,,,,,,,,771.0,ml/g (intrinsic viscosity),,,1128.0,,,,,[eta] ml/g,measured (as reported),False,pH not repeated in this table's rows in our transcription; pH taken from companion P1 row with the same Exp number (verified same O3 and t). Source prints pH as 0.3/2.6/3.9/8.8/9.6.
"Literature (external, real, screenshot-transcribed)",P2_DP,see URL: https://www.researchgate.net/publication/227335376_Effect_of_PH_and_temperature_on_cellulose_chain_scission_number_in_ozonization_of_oxygen_delignified_hardwood_kraft_pulp,P2_Exp49,Tab.2,Oxygen-delignified hardwood kraft pulp,hardwood,,,,,20.0,3.86,,,,,0.29,% O3 on o.d. pulp,140.0,s,,,,,,,,,,,,751.0,ml/g (intrinsic viscosity),,,1095.0,,,,,[eta] ml/g,measured (as reported),False,pH not repeated in this table's rows in our transcription; pH taken from companion P1 row with the same Exp number (verified same O3 and t). Source prints pH as 0.3/2.6/3.9/8.8/9.6.
"Literature (external, real, screenshot-transcribed)",P2_DP,see URL: https://www.researchgate.net/publication/227335376_Effect_of_PH_and_temperature_on_cellulose_chain_scission_number_in_ozonization_of_oxygen_delignified_hardwood_kraft_pulp,P2_Exp50,Tab.2,Oxygen-delignified hardwood kraft pulp,hardwood,,,,,20.0,3.86,,,,,0.38,% O3 on o.d. pulp,209.0,s,,,,,,,,,,,,752.0,ml/g (intrinsic viscosity),,,1097.0,,,,,[eta] ml/g,measured (as reported),False,pH not repeated in this table's rows in our transcription; pH taken from companion P1 row with the same Exp number (verified same O3 and t). Source prints pH as 0.3/2.6/3.9/8.8/9.6.
"Literature (external, real, screenshot-transcribed)",P2_DP,see URL: https://www.researchgate.net/publication/227335376_Effect_of_PH_and_temperature_on_cellulose_chain_scission_number_in_ozonization_of_oxygen_delignified_hardwood_kraft_pulp,P2_Exp51,Tab.2,Oxygen-delignified hardwood kraft pulp,hardwood,,,,,20.0,3.86,,,,,0.47,% O3 on o.d. pulp,279.0,s,,,,,,,,,,,,729.0,ml/g (intrinsic viscosity),,,1060.0,,,,,[eta] ml/g,measured (as reported),False,pH not repeated in this table's rows in our transcription; pH taken from companion P1 row with the same Exp number (verified same O3 and t). Source prints pH as 0.3/2.6/3.9/8.8/9.6.
"Literature (external, real, screenshot-transcribed)",P2_DP,see URL: https://www.researchgate.net/publication/227335376_Effect_of_PH_and_temperature_on_cellulose_chain_scission_number_in_ozonization_of_oxygen_delignified_hardwood_kraft_pulp,P2_Exp52,Tab.2,Oxygen-delignified hardwood kraft pulp,hardwood,,,,,20.0,3.86,,,,,0.62,% O3 on o.d. pulp,419.0,s,,,,,,,,,,,,705.0,ml/g (intrinsic viscosity),,,1020.0,,,,,[eta] ml/g,measured (as reported),False,pH not repeated in this table's rows in our transcription; pH taken from companion P1 row with the same Exp number (verified same O3 and t). Source prints pH as 0.3/2.6/3.9/8.8/9.6.
"Literature (external, real, screenshot-transcribed)",P2_DP,see URL: https://www.researchgate.net/publication/227335376_Effect_of_PH_and_temperature_on_cellulose_chain_scission_number_in_ozonization_of_oxygen_delignified_hardwood_kraft_pulp,P2_Exp53,Tab.2,Oxygen-delignified hardwood kraft pulp,hardwood,,,,,20.0,3.86,,,,,0.81,% O3 on o.d. pulp,559.0,s,,,,,,,,,,,,689.0,ml/g (intrinsic viscosity),,,996.0,,,,,[eta] ml/g,measured (as reported),False,pH not repeated in this table's rows in our transcription; pH taken from companion P1 row with the same Exp number (verified same O3 and t). Source prints pH as 0.3/2.6/3.9/8.8/9.6.
"Literature (external, real, screenshot-transcribed)",P2_DP,see URL: https://www.researchgate.net/publication/227335376_Effect_of_PH_and_temperature_on_cellulose_chain_scission_number_in_ozonization_of_oxygen_delignified_hardwood_kraft_pulp,P2_Exp54,Tab.2,Oxygen-delignified hardwood kraft pulp,hardwood,,,,,20.0,3.86,,,,,0.87,% O3 on o.d. pulp,698.0,s,,,,,,,,,,,,658.0,ml/g (intrinsic viscosity),,,947.0,,,,,[eta] ml/g,measured (as reported),False,pH not repeated in this table's rows in our transcription; pH taken from companion P1 row with the same Exp number (verified same O3 and t). Source prints pH as 0.3/2.6/3.9/8.8/9.6.
"Literature (external, real, screenshot-transcribed)",P2_DP,see URL: https://www.researchgate.net/publication/227335376_Effect_of_PH_and_temperature_on_cellulose_chain_scission_number_in_ozonization_of_oxygen_delignified_hardwood_kraft_pulp,P2_Exp55,Tab.2,Oxygen-delignified hardwood kraft pulp,hardwood,,,,,20.0,8.83,,,,,0.04,% O3 on o.d. pulp,67.0,s,,,,,,,,,,,,708.0,ml/g (intrinsic viscosity),,,1027.0,,,,,[eta] ml/g,measured (as reported),False,pH not repeated in this table's rows in our transcription; pH taken from companion P1 row with the same Exp number (verified same O3 and t). Source prints pH as 0.3/2.6/3.9/8.8/9.6.
"Literature (external, real, screenshot-transcribed)",P2_DP,see URL: https://www.researchgate.net/publication/227335376_Effect_of_PH_and_temperature_on_cellulose_chain_scission_number_in_ozonization_of_oxygen_delignified_hardwood_kraft_pulp,P2_Exp56,Tab.2,Oxygen-delignified hardwood kraft pulp,hardwood,,,,,20.0,8.83,,,,,0.28,% O3 on o.d. pulp,133.0,s,,,,,,,,,,,,728.0,ml/g (intrinsic viscosity),,,1058.0,,,,,[eta] ml/g,measured (as reported),False,pH not repeated in this table's rows in our transcription; pH taken from companion P1 row with the same Exp number (verified same O3 and t). Source prints pH as 0.3/2.6/3.9/8.8/9.6.
"Literature (external, real, screenshot-transcribed)",P2_DP,see URL: https://www.researchgate.net/publication/227335376_Effect_of_PH_and_temperature_on_cellulose_chain_scission_number_in_ozonization_of_oxygen_delignified_hardwood_kraft_pulp,P2_Exp57,Tab.2,Oxygen-delignified hardwood kraft pulp,hardwood,,,,,20.0,8.83,,,,,0.39,% O3 on o.d. pulp,200.0,s,,,,,,,,,,,,703.0,ml/g (intrinsic viscosity),,,1018.0,,,,,[eta] ml/g,measured (as reported),False,pH not repeated in this table's rows in our transcription; pH taken from companion P1 row with the same Exp number (verified same O3 and t). Source prints pH as 0.3/2.6/3.9/8.8/9.6.
"Literature (external, real, screenshot-transcribed)",P2_DP,see URL: https://www.researchgate.net/publication/227335376_Effect_of_PH_and_temperature_on_cellulose_chain_scission_number_in_ozonization_of_oxygen_delignified_hardwood_kraft_pulp,P2_Exp58,Tab.2,Oxygen-delignified hardwood kraft pulp,hardwood,,,,,20.0,8.83,,,,,0.46,% O3 on o.d. pulp,266.0,s,,,,,,,,,,,,691.0,ml/g (intrinsic viscosity),,,999.0,,,,,[eta] ml/g,measured (as reported),False,pH not repeated in this table's rows in our transcription; pH taken from companion P1 row with the same Exp number (verified same O3 and t). Source prints pH as 0.3/2.6/3.9/8.8/9.6.
"Literature (external, real, screenshot-transcribed)",P2_DP,see URL: https://www.researchgate.net/publication/227335376_Effect_of_PH_and_temperature_on_cellulose_chain_scission_number_in_ozonization_of_oxygen_delignified_hardwood_kraft_pulp,P2_Exp59,Tab.2,Oxygen-delignified hardwood kraft pulp,hardwood,,,,,20.0,8.83,,,,,0.59,% O3 on o.d. pulp,400.0,s,,,,,,,,,,,,681.0,ml/g (intrinsic viscosity),,,983.0,,,,,[eta] ml/g,measured (as reported),False,pH not repeated in this table's rows in our transcription; pH taken from companion P1 row with the same Exp number (verified same O3 and t). Source prints pH as 0.3/2.6/3.9/8.8/9.6.
"Literature (external, real, screenshot-transcribed)",P2_DP,see URL: https://www.researchgate.net/publication/227335376_Effect_of_PH_and_temperature_on_cellulose_chain_scission_number_in_ozonization_of_oxygen_delignified_hardwood_kraft_pulp,P2_Exp60,Tab.2,Oxygen-delignified hardwood kraft pulp,hardwood,,,,,20.0,8.83,,,,,0.71,% O3 on o.d. pulp,533.0,s,,,,,,,,,,,,663.0,ml/g (intrinsic viscosity),,,954.0,,,,,[eta] ml/g,measured (as reported),False,pH not repeated in this table's rows in our transcription; pH taken from companion P1 row with the same Exp number (verified same O3 and t). Source prints pH as 0.3/2.6/3.9/8.8/9.6.
"Literature (external, real, screenshot-transcribed)",P2_DP,see URL: https://www.researchgate.net/publication/227335376_Effect_of_PH_and_temperature_on_cellulose_chain_scission_number_in_ozonization_of_oxygen_delignified_hardwood_kraft_pulp,P2_Exp61,Tab.2,Oxygen-delignified hardwood kraft pulp,hardwood,,,,,20.0,8.83,,,,,1.09,% O3 on o.d. pulp,667.0,s,,,,,,,,,,,,644.0,ml/g (intrinsic viscosity),,,924.0,,,,,[eta] ml/g,measured (as reported),False,pH not repeated in this table's rows in our transcription; pH taken from companion P1 row with the same Exp number (verified same O3 and t). Source prints pH as 0.3/2.6/3.9/8.8/9.6.
"Literature (external, real, screenshot-transcribed)",P3_EKP,see URL: https://bioresources.cnr.ncsu.edu/resources/kinetics-of-ozone-bleaching-of-eucalyptus-kraft-pulp-and-factors-affecting-the-properties-of-the-bleached-pulp/,P3_T1_r1,Table 1,Eucalyptus kraft pulp (EKP),eucalyptus (hardwood),3.0,,,,,2.0,1.2,% o.d.p,,,,,30.0,min,,,,,,none,,,8.8,65.2,%ISO,580.0,as printed '(%ISO)' - unit label looks like a typo in source; UNVERIFIED,,,,,,,,Viscosity printed as (%ISO),measured (as reported),False,Temperature not stated in table.
"Literature (external, real, screenshot-transcribed)",P3_EKP,see URL: https://bioresources.cnr.ncsu.edu/resources/kinetics-of-ozone-bleaching-of-eucalyptus-kraft-pulp-and-factors-affecting-the-properties-of-the-bleached-pulp/,P3_T1_r2,Table 1,Eucalyptus kraft pulp (EKP),eucalyptus (hardwood),3.0,,,,,2.0,1.2,% o.d.p,,,,,30.0,min,,,,,,NP-10,0.05,,7.9,68.0,%ISO,579.0,as printed '(%ISO)' - unit label looks like a typo in source; UNVERIFIED,,,,,,,,Viscosity printed as (%ISO),measured (as reported),False,Temperature not stated in table.
"Literature (external, real, screenshot-transcribed)",P3_EKP,see URL: https://bioresources.cnr.ncsu.edu/resources/kinetics-of-ozone-bleaching-of-eucalyptus-kraft-pulp-and-factors-affecting-the-properties-of-the-bleached-pulp/,P3_T1_r3,Table 1,Eucalyptus kraft pulp (EKP),eucalyptus (hardwood),15.0,,,,,2.0,1.2,% o.d.p,,,,,15.0,min,,,,,,none,,,9.5,65.1,%ISO,515.0,as printed '(%ISO)' - unit label looks like a typo in source; UNVERIFIED,,,,,,,,Viscosity printed as (%ISO),measured (as reported),False,Temperature not stated in table.
"Literature (external, real, screenshot-transcribed)",P3_EKP,see URL: https://bioresources.cnr.ncsu.edu/resources/kinetics-of-ozone-bleaching-of-eucalyptus-kraft-pulp-and-factors-affecting-the-properties-of-the-bleached-pulp/,P3_T1_r4,Table 1,Eucalyptus kraft pulp (EKP),eucalyptus (hardwood),15.0,,,,,2.0,1.2,% o.d.p,,,,,15.0,min,,,,,,NP-10,0.05,,8.3,69.4,%ISO,513.0,as printed '(%ISO)' - unit label looks like a typo in source; UNVERIFIED,,,,,,,,Viscosity printed as (%ISO),measured (as reported),False,Temperature not stated in table.
"Literature (external, real, screenshot-transcribed)",P3_EKP,see URL: https://bioresources.cnr.ncsu.edu/resources/kinetics-of-ozone-bleaching-of-eucalyptus-kraft-pulp-and-factors-affecting-the-properties-of-the-bleached-pulp/,P3_T1_r5,Table 1,Eucalyptus kraft pulp (EKP),eucalyptus (hardwood),35.0,,,,,2.0,1.2,% o.d.p,,,,,3.0,min,,,,,,none,,,9.1,66.4,%ISO,510.0,as printed '(%ISO)' - unit label looks like a typo in source; UNVERIFIED,,,,,,,,Viscosity printed as (%ISO),measured (as reported),False,Temperature not stated in table.
"Literature (external, real, screenshot-transcribed)",P3_EKP,see URL: https://bioresources.cnr.ncsu.edu/resources/kinetics-of-ozone-bleaching-of-eucalyptus-kraft-pulp-and-factors-affecting-the-properties-of-the-bleached-pulp/,P3_T1_r6,Table 1,Eucalyptus kraft pulp (EKP),eucalyptus (hardwood),35.0,,,,,2.0,1.2,% o.d.p,,,,,3.0,min,,,,,,NP-10,0.05,,8.1,70.2,%ISO,511.0,as printed '(%ISO)' - unit label looks like a typo in source; UNVERIFIED,,,,,,,,Viscosity printed as (%ISO),measured (as reported),False,Temperature not stated in table.
"Literature (external, real, screenshot-transcribed)",P3_EKP,see URL: https://bioresources.cnr.ncsu.edu/resources/kinetics-of-ozone-bleaching-of-eucalyptus-kraft-pulp-and-factors-affecting-the-properties-of-the-bleached-pulp/,P3_T2_r1,Table 2,"(mass-transfer test, no pulp outcome)",,,,,,,,,,,,,,,,,,,,,No additive,,,,,,,,,,,,,,KLa=0.038 s-1; C*L=18.1 mg/L; sigma=0.131 N/m; exp_reactivity=45.1; theoretical_reactivity=45.1 (calculated); efficiency=6.6,KLa s-1; C*L mg/L; sigma N/m,"measured (KLa, C*L, sigma, exp. reactivity) + CALCULATED (theoretical reactivity)",False,Gas-liquid ozone mass-transfer study; NOT a pulp-quality outcome. 
"Literature (external, real, screenshot-transcribed)",P3_EKP,see URL: https://bioresources.cnr.ncsu.edu/resources/kinetics-of-ozone-bleaching-of-eucalyptus-kraft-pulp-and-factors-affecting-the-properties-of-the-bleached-pulp/,P3_T2_r2,Table 2,"(mass-transfer test, no pulp outcome)",,,,,,,,,,,,,,,,,,,,,Tert-Butyl alcohol,,,,,,,,,,,,,,KLa=0.064 s-1; C*L=23.6 mg/L; sigma=0.1251 N/m; exp_reactivity=81.6; theoretical_reactivity=83.4 (calculated); efficiency=8.3,KLa s-1; C*L mg/L; sigma N/m,"measured (KLa, C*L, sigma, exp. reactivity) + CALCULATED (theoretical reactivity)",False,Gas-liquid ozone mass-transfer study; NOT a pulp-quality outcome. 
"Literature (external, real, screenshot-transcribed)",P3_EKP,see URL: https://bioresources.cnr.ncsu.edu/resources/kinetics-of-ozone-bleaching-of-eucalyptus-kraft-pulp-and-factors-affecting-the-properties-of-the-bleached-pulp/,P3_T2_r3,Table 2,"(mass-transfer test, no pulp outcome)",,,,,,,,,,,,,,,,,,,,,1-Butyl alcohol,,,,,,,,,,,,,,KLa=0.06 s-1; C*L=20.5 mg/L; sigma=0.1206 N/m; exp_reactivity=79.5; theoretical_reactivity=82.9 (calculated); efficiency=8.5,KLa s-1; C*L mg/L; sigma N/m,"measured (KLa, C*L, sigma, exp. reactivity) + CALCULATED (theoretical reactivity)",False,Gas-liquid ozone mass-transfer study; NOT a pulp-quality outcome. 
"Literature (external, real, screenshot-transcribed)",P3_EKP,see URL: https://bioresources.cnr.ncsu.edu/resources/kinetics-of-ozone-bleaching-of-eucalyptus-kraft-pulp-and-factors-affecting-the-properties-of-the-bleached-pulp/,P3_T2_r4,Table 2,"(mass-transfer test, no pulp outcome)",,,,,,,,,,,,,,,,,,,,,Dimethylformamide,,,,,,,,,,,,,,KLa=0.04 s-1; C*L=18.2 mg/L; sigma=0.1504 N/m; exp_reactivity=50.8; theoretical_reactivity=5.9 (calculated); efficiency=7.0,KLa s-1; C*L mg/L; sigma N/m,"measured (KLa, C*L, sigma, exp. reactivity) + CALCULATED (theoretical reactivity)",False,"Gas-liquid ozone mass-transfer study; NOT a pulp-quality outcome. Theoretical reactivity printed as 5.9 - likely typo (neighbours ~50-80); kept as printed, UNVERIFIED."
"Literature (external, real, screenshot-transcribed)",P3_EKP,see URL: https://bioresources.cnr.ncsu.edu/resources/kinetics-of-ozone-bleaching-of-eucalyptus-kraft-pulp-and-factors-affecting-the-properties-of-the-bleached-pulp/,P3_T2_r5,Table 2,"(mass-transfer test, no pulp outcome)",,,,,,,,,,,,,,,,,,,,,Dimethyl sulphoxide,,,,,,,,,,,,,,KLa=0.035 s-1; C*L=17.2 mg/L; sigma=0.1467 N/m; exp_reactivity=65.7; theoretical_reactivity=58.3 (calculated); efficiency=7.1,KLa s-1; C*L mg/L; sigma N/m,"measured (KLa, C*L, sigma, exp. reactivity) + CALCULATED (theoretical reactivity)",False,Gas-liquid ozone mass-transfer study; NOT a pulp-quality outcome. 
"Literature (external, real, screenshot-transcribed)",P3_EKP,see URL: https://bioresources.cnr.ncsu.edu/resources/kinetics-of-ozone-bleaching-of-eucalyptus-kraft-pulp-and-factors-affecting-the-properties-of-the-bleached-pulp/,P3_T2_r6,Table 2,"(mass-transfer test, no pulp outcome)",,,,,,,,,,,,,,,,,,,,,Ethyl acetate,,,,,,,,,,,,,,KLa=0.056 s-1; C*L=20.6 mg/L; sigma=0.1298 N/m; exp_reactivity=78.1; theoretical_reactivity=75.6 (calculated); efficiency=7.9,KLa s-1; C*L mg/L; sigma N/m,"measured (KLa, C*L, sigma, exp. reactivity) + CALCULATED (theoretical reactivity)",False,Gas-liquid ozone mass-transfer study; NOT a pulp-quality outcome. 
"Literature (external, real, screenshot-transcribed)",P3_EKP,see URL: https://bioresources.cnr.ncsu.edu/resources/kinetics-of-ozone-bleaching-of-eucalyptus-kraft-pulp-and-factors-affecting-the-properties-of-the-bleached-pulp/,P3_T2_r7,Table 2,"(mass-transfer test, no pulp outcome)",,,,,,,,,,,,,,,,,,,,,Acetic acid,,,,,,,,,,,,,,KLa=0.05 s-1; C*L=20.1 mg/L; sigma=0.1366 N/m; exp_reactivity=46.5; theoretical_reactivity=62.3 (calculated); efficiency=7.1,KLa s-1; C*L mg/L; sigma N/m,"measured (KLa, C*L, sigma, exp. reactivity) + CALCULATED (theoretical reactivity)",False,Gas-liquid ozone mass-transfer study; NOT a pulp-quality outcome. 
"Literature (external, real, screenshot-transcribed)",P3_EKP,see URL: https://bioresources.cnr.ncsu.edu/resources/kinetics-of-ozone-bleaching-of-eucalyptus-kraft-pulp-and-factors-affecting-the-properties-of-the-bleached-pulp/,P3_T2_r8,Table 2,"(mass-transfer test, no pulp outcome)",,,,,,,,,,,,,,,,,,,,,Oxalic acid,,,,,,,,,,,,,,KLa=0.033 s-1; C*L=17.1 mg/L; sigma=0.1328 N/m; exp_reactivity=41.5; theoretical_reactivity=40.3 (calculated); efficiency=6.5,KLa s-1; C*L mg/L; sigma N/m,"measured (KLa, C*L, sigma, exp. reactivity) + CALCULATED (theoretical reactivity)",False,Gas-liquid ozone mass-transfer study; NOT a pulp-quality outcome. 
"Literature (external, real, screenshot-transcribed)",P3_EKP,see URL: https://bioresources.cnr.ncsu.edu/resources/kinetics-of-ozone-bleaching-of-eucalyptus-kraft-pulp-and-factors-affecting-the-properties-of-the-bleached-pulp/,P3_T2_r9,Table 2,"(mass-transfer test, no pulp outcome)",,,,,,,,,,,,,,,,,,,,,NP-10,,,,,,,,,,,,,,KLa=0.098 s-1; C*L=16.4 mg/L; sigma=0.1653 N/m; exp_reactivity=88.9; theoretical_reactivity=80.5 (calculated); efficiency=9.1,KLa s-1; C*L mg/L; sigma N/m,"measured (KLa, C*L, sigma, exp. reactivity) + CALCULATED (theoretical reactivity)",False,Gas-liquid ozone mass-transfer study; NOT a pulp-quality outcome. 
"Literature (external, real, screenshot-transcribed)",P5_ORGANOSOLV,see URL: https://www.researchgate.net/publication/226189721_Ozone_organosolv_bleaching_of_radiata_pine_kraft_pulp,P5_T1_reference,Table 1 / 2 (Reference),"Kraft-oxygen pulp, extended cook",Pinus radiata (softwood),,,,,,,,,,,,,,,,,,,,,,,16.0,37.2,Elrepho,27.0,mPa.s,,,,,,,,,measured (as reported),True,Untreated reference pulp.
"Literature (external, real, screenshot-transcribed)",P5_ORGANOSOLV,see URL: https://www.researchgate.net/publication/226189721_Ozone_organosolv_bleaching_of_radiata_pine_kraft_pulp,P5_T1_r1,Table 1,"Kraft-oxygen pulp, extended cook",Pinus radiata (softwood),,16.0,37.2,27.0,,,,,,,1.1,% b.d. pulp,,,,,,,Acetic acid 96%,,,Acetic acid 96%,6.9,58.6,Elrepho,18.9,mPa.s,1.9,,,,,,,ozone consumed %/b.d. pulp; viscosity mPa.s,measured (as reported),False,
"Literature (external, real, screenshot-transcribed)",P5_ORGANOSOLV,see URL: https://www.researchgate.net/publication/226189721_Ozone_organosolv_bleaching_of_radiata_pine_kraft_pulp,P5_T1_r2,Table 1,"Kraft-oxygen pulp, extended cook",Pinus radiata (softwood),,16.0,37.2,27.0,,,,,,,1.1,% b.d. pulp,,,,,,,Acetic acid 90%,,,Acetic acid 90%,5.4,60.5,Elrepho,18.1,mPa.s,2.0,,,,,,,ozone consumed %/b.d. pulp; viscosity mPa.s,measured (as reported),False,
"Literature (external, real, screenshot-transcribed)",P5_ORGANOSOLV,see URL: https://www.researchgate.net/publication/226189721_Ozone_organosolv_bleaching_of_radiata_pine_kraft_pulp,P5_T1_r3,Table 1,"Kraft-oxygen pulp, extended cook",Pinus radiata (softwood),,16.0,37.2,27.0,,,,,,,1.1,% b.d. pulp,,,,,,,Acetic acid 80%,,,Acetic acid 80%,4.9,63.8,Elrepho,18.3,mPa.s,2.15,,,,,,,ozone consumed %/b.d. pulp; viscosity mPa.s,measured (as reported),False,
"Literature (external, real, screenshot-transcribed)",P5_ORGANOSOLV,see URL: https://www.researchgate.net/publication/226189721_Ozone_organosolv_bleaching_of_radiata_pine_kraft_pulp,P5_T1_r4,Table 1,"Kraft-oxygen pulp, extended cook",Pinus radiata (softwood),,16.0,37.2,27.0,,,,,,,1.1,% b.d. pulp,,,,,,,Acetic acid 70%,,,Acetic acid 70%,4.9,64.0,Elrepho,18.0,mPa.s,2.08,,,,,,,ozone consumed %/b.d. pulp; viscosity mPa.s,measured (as reported),False,
"Literature (external, real, screenshot-transcribed)",P5_ORGANOSOLV,see URL: https://www.researchgate.net/publication/226189721_Ozone_organosolv_bleaching_of_radiata_pine_kraft_pulp,P5_T1_r5,Table 1,"Kraft-oxygen pulp, extended cook",Pinus radiata (softwood),,16.0,37.2,27.0,,,,,,,1.1,% b.d. pulp,,,,,,,Acetic acid 48%,,,Acetic acid 48%,5.7,59.4,Elrepho,18.0,mPa.s,1.93,,,,,,,ozone consumed %/b.d. pulp; viscosity mPa.s,measured (as reported),False,
"Literature (external, real, screenshot-transcribed)",P5_ORGANOSOLV,see URL: https://www.researchgate.net/publication/226189721_Ozone_organosolv_bleaching_of_radiata_pine_kraft_pulp,P5_T1_r6,Table 1,"Kraft-oxygen pulp, extended cook",Pinus radiata (softwood),,16.0,37.2,27.0,,,,,,,1.1,% b.d. pulp,,,,,,,Formic acid 98%,,,Formic acid 98%,4.1,64.7,Elrepho,18.1,mPa.s,2.25,,,,,,,ozone consumed %/b.d. pulp; viscosity mPa.s,measured (as reported),False,"Formic acid 98% row (kappa 4.1, visc 18.1, bright 64.7) differs slightly from Table 2 row at 1.1% (4.2, 17.6, 62.6): both kept as printed."
"Literature (external, real, screenshot-transcribed)",P5_ORGANOSOLV,see URL: https://www.researchgate.net/publication/226189721_Ozone_organosolv_bleaching_of_radiata_pine_kraft_pulp,P5_T1_r7,Table 1,"Kraft-oxygen pulp, extended cook",Pinus radiata (softwood),,16.0,37.2,27.0,,,,,,,1.1,% b.d. pulp,,,,,,,Formic acid-water 1:1 (V/V),,,Formic acid-water 1:1 (V/V),5.9,59.3,Elrepho,18.5,mPa.s,2.0,,,,,,,ozone consumed %/b.d. pulp; viscosity mPa.s,measured (as reported),False,
"Literature (external, real, screenshot-transcribed)",P5_ORGANOSOLV,see URL: https://www.researchgate.net/publication/226189721_Ozone_organosolv_bleaching_of_radiata_pine_kraft_pulp,P5_T1_r8,Table 1,"Kraft-oxygen pulp, extended cook",Pinus radiata (softwood),,16.0,37.2,27.0,,,,,,,1.1,% b.d. pulp,,,,,,,Formic acid-acetone 7:3 (V/V),,,Formic acid-acetone 7:3 (V/V),5.6,61.3,Elrepho,18.8,mPa.s,2.14,,,,,,,ozone consumed %/b.d. pulp; viscosity mPa.s,measured (as reported),False,
"Literature (external, real, screenshot-transcribed)",P5_ORGANOSOLV,see URL: https://www.researchgate.net/publication/226189721_Ozone_organosolv_bleaching_of_radiata_pine_kraft_pulp,P5_T1_r9,Table 1,"Kraft-oxygen pulp, extended cook",Pinus radiata (softwood),,16.0,37.2,27.0,,,,,,,1.1,% b.d. pulp,,,,,,,Formic acid-acetone 1:1 (V/V),,,Formic acid-acetone 1:1 (V/V),5.1,62.3,Elrepho,17.9,mPa.s,2.02,,,,,,,ozone consumed %/b.d. pulp; viscosity mPa.s,measured (as reported),False,
"Literature (external, real, screenshot-transcribed)",P5_ORGANOSOLV,see URL: https://www.researchgate.net/publication/226189721_Ozone_organosolv_bleaching_of_radiata_pine_kraft_pulp,P5_T1_r10,Table 1,"Kraft-oxygen pulp, extended cook",Pinus radiata (softwood),,16.0,37.2,27.0,,,,,,,1.1,% b.d. pulp,,,,,,,Formic acid-acetone 3:7 (V/V),,,Formic acid-acetone 3:7 (V/V),5.7,61.5,Elrepho,18.8,mPa.s,2.12,,,,,,,ozone consumed %/b.d. pulp; viscosity mPa.s,measured (as reported),False,
"Literature (external, real, screenshot-transcribed)",P5_ORGANOSOLV,see URL: https://www.researchgate.net/publication/226189721_Ozone_organosolv_bleaching_of_radiata_pine_kraft_pulp,P5_T1_r11,Table 1,"Kraft-oxygen pulp, extended cook",Pinus radiata (softwood),,16.0,37.2,27.0,,,,,,,1.1,% b.d. pulp,,,,,,,Acetic acid-acetone 7:3 (V/V),,,Acetic acid-acetone 7:3 (V/V),6.8,59.7,Elrepho,19.1,mPa.s,1.96,,,,,,,ozone consumed %/b.d. pulp; viscosity mPa.s,measured (as reported),False,
"Literature (external, real, screenshot-transcribed)",P5_ORGANOSOLV,see URL: https://www.researchgate.net/publication/226189721_Ozone_organosolv_bleaching_of_radiata_pine_kraft_pulp,P5_T1_r12,Table 1,"Kraft-oxygen pulp, extended cook",Pinus radiata (softwood),,16.0,37.2,27.0,,,,,,,1.1,% b.d. pulp,,,,,,,Acetic acid-acetone 1:1 (V/V),,,Acetic acid-acetone 1:1 (V/V),7.8,57.2,Elrepho,20.5,mPa.s,2.13,,,,,,,ozone consumed %/b.d. pulp; viscosity mPa.s,measured (as reported),False,
"Literature (external, real, screenshot-transcribed)",P5_ORGANOSOLV,see URL: https://www.researchgate.net/publication/226189721_Ozone_organosolv_bleaching_of_radiata_pine_kraft_pulp,P5_T1_r13,Table 1,"Kraft-oxygen pulp, extended cook",Pinus radiata (softwood),,16.0,37.2,27.0,,,,,,,1.1,% b.d. pulp,,,,,,,Acetic acid-acetone 3:7 (V/V),,,Acetic acid-acetone 3:7 (V/V),7.2,57.5,Elrepho,15.3,mPa.s,1.27,,,,,,,ozone consumed %/b.d. pulp; viscosity mPa.s,measured (as reported),False,
"Literature (external, real, screenshot-transcribed)",P5_ORGANOSOLV,see URL: https://www.researchgate.net/publication/226189721_Ozone_organosolv_bleaching_of_radiata_pine_kraft_pulp,P5_T1_r14,Table 1,"Kraft-oxygen pulp, extended cook",Pinus radiata (softwood),,16.0,37.2,27.0,,,,,,,1.1,% b.d. pulp,,,,,,,Acetone,,,Acetone,11.7,47.4,Elrepho,16.6,mPa.s,0.7,,,,,,,ozone consumed %/b.d. pulp; viscosity mPa.s,measured (as reported),False,
"Literature (external, real, screenshot-transcribed)",P5_ORGANOSOLV,see URL: https://www.researchgate.net/publication/226189721_Ozone_organosolv_bleaching_of_radiata_pine_kraft_pulp,P5_T1_r15,Table 1,"Kraft-oxygen pulp, extended cook",Pinus radiata (softwood),,16.0,37.2,27.0,,2.5,,,,,1.1,% b.d. pulp,,,,,,,"Water, pH 2.5",,,"Water, pH 2.5",6.7,57.9,Elrepho,16.7,mPa.s,1.52,,,,,,,ozone consumed %/b.d. pulp; viscosity mPa.s,measured (as reported),False,
"Literature (external, real, screenshot-transcribed)",P5_ORGANOSOLV,see URL: https://www.researchgate.net/publication/226189721_Ozone_organosolv_bleaching_of_radiata_pine_kraft_pulp,P5_T2_r1,Table 2,"Kraft-oxygen pulp, extended cook",Pinus radiata (softwood),,16.0,37.2,27.0,,,,,,,0.9,"% (basis as printed, b.d. pulp)",,,,,,,Formic acid 98%,,,Formic acid 98%,6.6,50.8,Elrepho,18.1,mPa.s,1.78,,,,,,Efficiency=10.5,mPa.s; Elrepho,measured (as reported),False,
"Literature (external, real, screenshot-transcribed)",P5_ORGANOSOLV,see URL: https://www.researchgate.net/publication/226189721_Ozone_organosolv_bleaching_of_radiata_pine_kraft_pulp,P5_T2_r2,Table 2,"Kraft-oxygen pulp, extended cook",Pinus radiata (softwood),,16.0,37.2,27.0,,,,,,,1.1,"% (basis as printed, b.d. pulp)",,,,,,,Formic acid 98%,,,Formic acid 98%,4.2,62.6,Elrepho,17.6,mPa.s,2.12,,,,,,Efficiency=10.7,mPa.s; Elrepho,measured (as reported),False,
"Literature (external, real, screenshot-transcribed)",P5_ORGANOSOLV,see URL: https://www.researchgate.net/publication/226189721_Ozone_organosolv_bleaching_of_radiata_pine_kraft_pulp,P5_T2_r3,Table 2,"Kraft-oxygen pulp, extended cook",Pinus radiata (softwood),,16.0,37.2,27.0,,,,,,,1.4,"% (basis as printed, b.d. pulp)",,,,,,,Formic acid 98%,,,Formic acid 98%,3.5,67.5,Elrepho,16.0,mPa.s,1.92,,,,,,Efficiency=8.9,mPa.s; Elrepho,measured (as reported),False,
"Literature (external, real, screenshot-transcribed)",P5_ORGANOSOLV,see URL: https://www.researchgate.net/publication/226189721_Ozone_organosolv_bleaching_of_radiata_pine_kraft_pulp,P5_T2_r4,Table 2,"Kraft-oxygen pulp, extended cook",Pinus radiata (softwood),,16.0,37.2,27.0,,,,,,,1.7,"% (basis as printed, b.d. pulp)",,,,,,,Formic acid 98%,,,Formic acid 98%,3.1,70.3,Elrepho,15.7,mPa.s,1.93,,,,,,Efficiency=7.6,mPa.s; Elrepho,measured (as reported),False,
"Literature (external, real, screenshot-transcribed)",P5_ORGANOSOLV,see URL: https://www.researchgate.net/publication/226189721_Ozone_organosolv_bleaching_of_radiata_pine_kraft_pulp,P5_T3_P1,Table 3 (P stage),"Kraft-oxygen pulp, extended cook",Pinus radiata (softwood),,16.0,37.2,27.0,,,,,,,1.1,"% (Z-stage, as printed)",,,,,,,Formic acid 98%,,,Z then P (1% H2O2),1.7,76.3,Elrepho,15.1,mPa.s,,,,,,,After P stage (1% hydrogen peroxide),,measured (as reported),False,Z-stage rows of Table 3 are identical to Table 2 rows 1.1/1.4/1.7 -> genuine duplicates removed.
"Literature (external, real, screenshot-transcribed)",P5_ORGANOSOLV,see URL: https://www.researchgate.net/publication/226189721_Ozone_organosolv_bleaching_of_radiata_pine_kraft_pulp,P5_T3_P2,Table 3 (P stage),"Kraft-oxygen pulp, extended cook",Pinus radiata (softwood),,16.0,37.2,27.0,,,,,,,1.4,"% (Z-stage, as printed)",,,,,,,Formic acid 98%,,,Z then P (1% H2O2),1.1,80.7,Elrepho,14.7,mPa.s,,,,,,,After P stage (1% hydrogen peroxide),,measured (as reported),False,Z-stage rows of Table 3 are identical to Table 2 rows 1.1/1.4/1.7 -> genuine duplicates removed.
"Literature (external, real, screenshot-transcribed)",P5_ORGANOSOLV,see URL: https://www.researchgate.net/publication/226189721_Ozone_organosolv_bleaching_of_radiata_pine_kraft_pulp,P5_T3_P3,Table 3 (P stage),"Kraft-oxygen pulp, extended cook",Pinus radiata (softwood),,16.0,37.2,27.0,,,,,,,1.7,"% (Z-stage, as printed)",,,,,,,Formic acid 98%,,,Z then P (1% H2O2),0.9,83.1,Elrepho,13.9,mPa.s,,,,,,,After P stage (1% hydrogen peroxide),,measured (as reported),False,Z-stage rows of Table 3 are identical to Table 2 rows 1.1/1.4/1.7 -> genuine duplicates removed.
"Literature (external, real, screenshot-transcribed)",P5_ORGANOSOLV,see URL: https://www.researchgate.net/publication/226189721_Ozone_organosolv_bleaching_of_radiata_pine_kraft_pulp,P5_T4_r1,Table 4,"Kraft-oxygen pulp, extended cook",Pinus radiata (softwood),,16.0,37.2,27.0,,,,,,,0.9,"% ozone (Z), as printed",,,,,,,Formic medium,,,Formic medium,6.6,57.6,Elrepho,18.1,mPa.s,1.78,,,,,,Stage=Z,,measured (as reported),False,"Formic-medium Z brightness printed 57.6 here vs 50.8 in Table 2 at 0.9% - inconsistency in source, kept as printed."
"Literature (external, real, screenshot-transcribed)",P5_ORGANOSOLV,see URL: https://www.researchgate.net/publication/226189721_Ozone_organosolv_bleaching_of_radiata_pine_kraft_pulp,P5_T4_r2,Table 4,"Kraft-oxygen pulp, extended cook",Pinus radiata (softwood),,16.0,37.2,27.0,,,,,,,0.9,"% ozone (Z), as printed",,,,,,,Formic medium,,,Formic medium,2.2,72.0,Elrepho,16.1,mPa.s,,,,,,,Stage=P,,measured (as reported),False,
"Literature (external, real, screenshot-transcribed)",P5_ORGANOSOLV,see URL: https://www.researchgate.net/publication/226189721_Ozone_organosolv_bleaching_of_radiata_pine_kraft_pulp,P5_T4_r3,Table 4,"Kraft-oxygen pulp, extended cook",Pinus radiata (softwood),,16.0,37.2,27.0,,2.5,,,,,0.9,"% ozone (Z), as printed",,,,,,,"pH 2.5 water-medium, formic-wet pulp",,,"pH 2.5 water-medium, formic-wet pulp",7.5,57.5,Elrepho,13.0,mPa.s,1.02,,,,,,Stage=Z,,measured (as reported),False,
"Literature (external, real, screenshot-transcribed)",P5_ORGANOSOLV,see URL: https://www.researchgate.net/publication/226189721_Ozone_organosolv_bleaching_of_radiata_pine_kraft_pulp,P5_T4_r4,Table 4,"Kraft-oxygen pulp, extended cook",Pinus radiata (softwood),,16.0,37.2,27.0,,2.5,,,,,0.9,"% ozone (Z), as printed",,,,,,,"pH 2.5 water-medium, formic-wet pulp",,,"pH 2.5 water-medium, formic-wet pulp",2.8,72.2,Elrepho,11.8,mPa.s,,,,,,,Stage=P,,measured (as reported),False,
"Literature (external, real, screenshot-transcribed)",P5_ORGANOSOLV,see URL: https://www.researchgate.net/publication/226189721_Ozone_organosolv_bleaching_of_radiata_pine_kraft_pulp,P5_T4_r5,Table 4,"Kraft-oxygen pulp, extended cook",Pinus radiata (softwood),,16.0,37.2,27.0,,2.5,,,,,0.9,"% ozone (Z), as printed",,,,,,,pH 2.5 water-medium,,,pH 2.5 water-medium,9.9,50.8,Elrepho,14.1,mPa.s,0.8,,,,,,Stage=Z,,measured (as reported),False,
"Literature (external, real, screenshot-transcribed)",P5_ORGANOSOLV,see URL: https://www.researchgate.net/publication/226189721_Ozone_organosolv_bleaching_of_radiata_pine_kraft_pulp,P5_T4_r6,Table 4,"Kraft-oxygen pulp, extended cook",Pinus radiata (softwood),,16.0,37.2,27.0,,2.5,,,,,0.9,"% ozone (Z), as printed",,,,,,,pH 2.5 water-medium,,,pH 2.5 water-medium,4.2,67.6,Elrepho,12.5,mPa.s,,,,,,,Stage=P,,measured (as reported),False,
"Literature (external, real, screenshot-transcribed)",P6_PROTECTORS,see URL: https://www.researchgate.net/publication/227338883_Influence_of_new_cellulose_protectors_in_ozone_bleaching,P6_T1_r1,Table 1,UNKNOWN (not visible in screenshot),,,,,,,,0.3,% ozone on o.d. pulp (ozone charge),,,0.1852,% o.d. pulp,,,,,,,,none,,,6.39,47.92,%ISO,763.0,ml/g,,,,,,,,additive 1% o.d. pulp,measured (as reported),False,
"Literature (external, real, screenshot-transcribed)",P6_PROTECTORS,see URL: https://www.researchgate.net/publication/227338883_Influence_of_new_cellulose_protectors_in_ozone_bleaching,P6_T1_r2,Table 1,UNKNOWN (not visible in screenshot),,,,,,,,0.3,% ozone on o.d. pulp (ozone charge),,,0.2393,% o.d. pulp,,,,,,,,Methylhydroxyethyl cellulose,1.0,,7.34,54.36,%ISO,647.0,ml/g,,,,,,,,additive 1% o.d. pulp,measured (as reported),False,
"Literature (external, real, screenshot-transcribed)",P6_PROTECTORS,see URL: https://www.researchgate.net/publication/227338883_Influence_of_new_cellulose_protectors_in_ozone_bleaching,P6_T1_r3,Table 1,UNKNOWN (not visible in screenshot),,,,,,,,0.3,% ozone on o.d. pulp (ozone charge),,,0.1535,% o.d. pulp,,,,,,,,Zirconium(IV) propoxide,1.0,,8.41,49.43,%ISO,723.0,ml/g,,,,,,,,additive 1% o.d. pulp,measured (as reported),False,
"Literature (external, real, screenshot-transcribed)",P6_PROTECTORS,see URL: https://www.researchgate.net/publication/227338883_Influence_of_new_cellulose_protectors_in_ozone_bleaching,P6_T1_r4,Table 1,UNKNOWN (not visible in screenshot),,,,,,,,0.3,% ozone on o.d. pulp (ozone charge),,,0.1964,% o.d. pulp,,,,,,,,2-tert-butyl-5-aminopyrimidine,1.0,,10.17,50.25,%ISO,808.0,ml/g,,,,,,,,additive 1% o.d. pulp,measured (as reported),False,
"Literature (external, real, screenshot-transcribed)",P6_PROTECTORS,see URL: https://www.researchgate.net/publication/227338883_Influence_of_new_cellulose_protectors_in_ozone_bleaching,P6_T1_r5,Table 1,UNKNOWN (not visible in screenshot),,,,,,,,0.3,% ozone on o.d. pulp (ozone charge),,,0.1311,% o.d. pulp,,,,,,,,Ammonium molybdate,1.0,,6.99,54.21,%ISO,745.0,ml/g,,,,,,,,additive 1% o.d. pulp,measured (as reported),False,
"Literature (external, real, screenshot-transcribed)",P6_PROTECTORS,see URL: https://www.researchgate.net/publication/227338883_Influence_of_new_cellulose_protectors_in_ozone_bleaching,P6_T1_r6,Table 1,UNKNOWN (not visible in screenshot),,,,,,,,0.3,% ozone on o.d. pulp (ozone charge),,,0.133,% o.d. pulp,,,,,,,,Urea,1.0,,6.36,53.58,%ISO,745.0,ml/g,,,,,,,,additive 1% o.d. pulp,measured (as reported),False,
"Literature (external, real, screenshot-transcribed)",P6_PROTECTORS,see URL: https://www.researchgate.net/publication/227338883_Influence_of_new_cellulose_protectors_in_ozone_bleaching,P6_T1_r7,Table 1,UNKNOWN (not visible in screenshot),,,,,,,,0.3,% ozone on o.d. pulp (ozone charge),,,0.1664,% o.d. pulp,,,,,,,,Salicylic acid,1.0,,6.45,56.14,%ISO,728.0,ml/g,,,,,,,,additive 1% o.d. pulp,measured (as reported),False,
"Literature (external, real, screenshot-transcribed)",P6_PROTECTORS,see URL: https://www.researchgate.net/publication/227338883_Influence_of_new_cellulose_protectors_in_ozone_bleaching,P6_T1_r8,Table 1,UNKNOWN (not visible in screenshot),,,,,,,,0.3,% ozone on o.d. pulp (ozone charge),,,0.1397,% o.d. pulp,,,,,,,,Cationic potato starch,1.0,,6.93,51.13,%ISO,740.0,ml/g,,,,,,,,additive 1% o.d. pulp,measured (as reported),False,
"Literature (external, real, screenshot-transcribed)",P6_PROTECTORS,see URL: https://www.researchgate.net/publication/227338883_Influence_of_new_cellulose_protectors_in_ozone_bleaching,P6_T1_r9,Table 1,UNKNOWN (not visible in screenshot),,,,,,,,0.3,% ozone on o.d. pulp (ozone charge),,,0.1444,% o.d. pulp,,,,,,,,D-mannitol,1.0,,6.03,50.17,%ISO,814.0,ml/g,,,,,,,,additive 1% o.d. pulp,measured (as reported),False,
"Literature (external, real, screenshot-transcribed)",P6_PROTECTORS,see URL: https://www.researchgate.net/publication/227338883_Influence_of_new_cellulose_protectors_in_ozone_bleaching,P6_T1_r10,Table 1,UNKNOWN (not visible in screenshot),,,,,,,,0.3,% ozone on o.d. pulp (ozone charge),,,0.1432,% o.d. pulp,,,,,,,,Magnesium ethoxide,1.0,,5.9,54.25,%ISO,693.0,ml/g,,,,,,,,additive 1% o.d. pulp,measured (as reported),False,
"Literature (external, real, screenshot-transcribed)",PAT1_US20030006017A1,US20030006017A1,PAT1_T1_r1,Table 1,Low-consistency pulp (details not in table image),,,,,,,,2.4,kg O3 / t pulp (charge),,,2.2,kg/t,5.0,min (retention),,,46.0,psig,,,,,,,,,,,,,,,,O3 reacted=93.0%,kg/t; psig; min,measured (as reported),False,No kappa/brightness outcomes in this table.
"Literature (external, real, screenshot-transcribed)",PAT1_US20030006017A1,US20030006017A1,PAT1_T1_r2,Table 1,Low-consistency pulp (details not in table image),,,,,,,,4.0,kg O3 / t pulp (charge),,,3.9,kg/t,5.0,min (retention),,,55.0,psig,,,,,,,,,,,,,,,,O3 reacted=95.0%,kg/t; psig; min,measured (as reported),False,No kappa/brightness outcomes in this table.
"Literature (external, real, screenshot-transcribed)",PAT1_US20030006017A1,US20030006017A1,PAT1_T1_r3,Table 1,Low-consistency pulp (details not in table image),,,,,,,,6.1,kg O3 / t pulp (charge),,,5.8,kg/t,5.0,min (retention),,,52.0,psig,,,,,,,,,,,,,,,,O3 reacted=95.1%,kg/t; psig; min,measured (as reported),False,No kappa/brightness outcomes in this table.
"Literature (external, real, screenshot-transcribed)",PAT1_US20030006017A1,US20030006017A1,PAT1_T1_r4,Table 1,Low-consistency pulp (details not in table image),,,,,,,,7.3,kg O3 / t pulp (charge),,,7.0,kg/t,5.0,min (retention),,,65.0,psig,,,,,,,,,,,,,,,,O3 reacted=95.9%,kg/t; psig; min,measured (as reported),False,No kappa/brightness outcomes in this table.
"Literature (external, real, screenshot-transcribed)",PAT1_US20030006017A1,US20030006017A1,PAT1_T2_r1,Table 2,,,,,,,,,6.3,kg O3 / t pulp (charge; printed '6-3' in 2 rows = typo for 6.3),,,,,,,,,30.0,psig (inlet mixer),,,,,,,,,,,,,,,,Bottom tower pressure=20 psig; O3 consumed in mixer=87%; consumed at top of tower=99%,kg/t; psig; %,measured (as reported),False,
"Literature (external, real, screenshot-transcribed)",PAT1_US20030006017A1,US20030006017A1,PAT1_T2_r2,Table 2,,,,,,,,,6.3,kg O3 / t pulp (charge; printed '6-3' in 2 rows = typo for 6.3),,,,,,,,,90.0,psig (inlet mixer),,,,,,,,,,,,,,,,Bottom tower pressure=80 psig; O3 consumed in mixer=94%; consumed at top of tower=99%,kg/t; psig; %,measured (as reported),False,
"Literature (external, real, screenshot-transcribed)",PAT1_US20030006017A1,US20030006017A1,PAT1_T2_r3,Table 2,,,,,,,,,6.3,kg O3 / t pulp (charge; printed '6-3' in 2 rows = typo for 6.3),,,,,,,,,110.0,psig (inlet mixer),,,,,,,,,,,,,,,,Bottom tower pressure=100 psig; O3 consumed in mixer=99%; consumed at top of tower=99%,kg/t; psig; %,measured (as reported),False,
"Literature (external, real, screenshot-transcribed)",PAT1_US20030006017A1,US20030006017A1,PAT1_T34_run1_Bottom,Table 3+4,Pulp (type not stated in table image),,3.8,30.8,27.9,39.5,40.0,2.4,0.551,% o.d. pulp (charge),12.85,% (gas),0.479,% o.d. pulp,6.4,min (residence),,,30.0,not stated in table (psig likely),,,,,,,%ISO,,cP,,,,,,,Sample position=Bottom of tower; ozone residual=0.072% o.d. pulp,% o.d. pulp; cP,measured (as reported),False,Kappa/brightness/viscosity were printed only under the second run in the source.
"Literature (external, real, screenshot-transcribed)",PAT1_US20030006017A1,US20030006017A1,PAT1_T34_run1_Top,Table 3+4,Pulp (type not stated in table image),,3.8,30.8,27.9,39.5,40.0,2.4,0.551,% o.d. pulp (charge),12.85,% (gas),0.55,% o.d. pulp,6.4,min (residence),,,30.0,not stated in table (psig likely),,,,,,,%ISO,,cP,,,,,,,Sample position=Top of tower; ozone residual=0.001% o.d. pulp,% o.d. pulp; cP,measured (as reported),False,Kappa/brightness/viscosity were printed only under the second run in the source.
"Literature (external, real, screenshot-transcribed)",PAT1_US20030006017A1,US20030006017A1,PAT1_T34_run2_Bottom,Table 3+4,Pulp (type not stated in table image),,3.8,30.8,27.9,39.5,40.0,2.4,0.566,% o.d. pulp (charge),13.21,% (gas),0.53,% o.d. pulp,6.4,min (residence),,,90.0,not stated in table (psig likely),,,,,27.0,31.4,%ISO,25.3,cP,,,,,,,Sample position=Bottom of tower; ozone residual=0.037% o.d. pulp,% o.d. pulp; cP,measured (as reported),False,
"Literature (external, real, screenshot-transcribed)",PAT1_US20030006017A1,US20030006017A1,PAT1_T34_run2_Top,Table 3+4,Pulp (type not stated in table image),,3.8,30.8,27.9,39.5,40.0,2.4,0.566,% o.d. pulp (charge),13.21,% (gas),0.565,% o.d. pulp,6.4,min (residence),,,90.0,not stated in table (psig likely),,,,,24.1,32.2,%ISO,23.3,cP,,,,,,,Sample position=Top of tower; ozone residual=0.001% o.d. pulp,% o.d. pulp; cP,measured (as reported),False,
